time,temperature,humidity,windspeed,apparent_temperature,carbon_intensity_forecast,carbon_intensity_actual,carbon_intensity_index,cost_p_per_kwh
2024-04-02 23:00:00+00:00,,,,,69.0,66.0,low,10.479
2024-04-03 00:00:00+00:00,,,,,69.0,69.0,low,10.479
2024-04-03 01:00:00+00:00,,,,,71.0,68.5,low,10.069500000000001
2024-04-03 02:00:00+00:00,,,,,74.5,68.0,low,9.387
2024-04-03 03:00:00+00:00,,,,,72.5,64.5,low,8.693999999999999
2024-04-03 04:00:00+00:00,,,,,64.5,73.5,low,10.668
2024-04-03 05:00:00+00:00,,,,,68.5,104.5,low,14.469000000000001
2024-04-03 06:00:00+00:00,,,,,104.0,110.5,moderate,15.309000000000001
2024-04-03 07:00:00+00:00,,,,,107.0,103.5,low,16.579500000000003
2024-04-03 08:00:00+00:00,,,,,100.0,98.0,low,16.4325
2024-04-03 09:00:00+00:00,,,,,90.0,88.0,low,13.398
2024-04-03 10:00:00+00:00,,,,,89.0,79.5,low,12.400500000000001
2024-04-03 11:00:00+00:00,,,,,82.0,71.0,low,12.442499999999999
2024-04-03 12:00:00+00:00,,,,,75.0,59.5,low,10.3005
2024-04-03 13:00:00+00:00,,,,,61.5,65.0,low,9.135
2024-04-03 14:00:00+00:00,,,,,83.5,63.0,low,10.0695
2024-04-03 15:00:00+00:00,,,,,68.5,63.0,low,24.8955
2024-04-03 16:00:00+00:00,,,,,72.0,63.5,low,27.09
2024-04-03 17:00:00+00:00,,,,,70.0,75.0,low,30.240000000000002
2024-04-03 18:00:00+00:00,,,,,77.0,85.0,low,16.716
2024-04-03 19:00:00+00:00,,,,,88.5,79.0,low,14.783999999999999
2024-04-03 20:00:00+00:00,,,,,84.0,69.0,low,12.998999999999999
2024-04-03 21:00:00+00:00,,,,,72.0,60.0,low,10.3845
2024-04-03 22:00:00+00:00,,,,,81.5,56.5,low,8.904
2024-04-03 23:00:00+00:00,,,,,62.0,58.0,low,8.358
2024-04-04 00:00:00+00:00,,,,,61.0,63.0,low,8.883
2024-04-04 01:00:00+00:00,,,,,67.0,57.0,low,8.6835
2024-04-04 02:00:00+00:00,,,,,60.0,58.5,low,8.547
2024-04-04 03:00:00+00:00,,,,,59.5,64.5,low,8.526
2024-04-04 04:00:00+00:00,,,,,62.0,90.5,low,10.6995
2024-04-04 05:00:00+00:00,,,,,99.0,134.5,moderate,13.167
2024-04-04 06:00:00+00:00,,,,,144.5,149.5,moderate,14.364
2024-04-04 07:00:00+00:00,,,,,153.5,141.5,moderate,15.54
2024-04-04 08:00:00+00:00,,,,,135.0,132.0,moderate,15.508500000000002
2024-04-04 09:00:00+00:00,,,,,130.0,129.5,moderate,14.0595
2024-04-04 10:00:00+00:00,,,,,133.5,132.5,moderate,13.692
2024-04-04 11:00:00+00:00,,,,,137.0,129.0,moderate,12.768
2024-04-04 12:00:00+00:00,,,,,133.5,127.0,moderate,12.316500000000001
2024-04-04 13:00:00+00:00,,,,,134.0,133.5,moderate,11.76
2024-04-04 14:00:00+00:00,,,,,148.0,146.0,moderate,12.285
2024-04-04 15:00:00+00:00,,,,,159.5,156.5,moderate,25.808999999999997
2024-04-04 16:00:00+00:00,,,,,154.0,160.0,moderate,29.295
2024-04-04 17:00:00+00:00,,,,,155.0,164.5,moderate,29.893500000000003
2024-04-04 18:00:00+00:00,,,,,166.0,154.5,moderate,16.421999999999997
2024-04-04 19:00:00+00:00,,,,,151.5,129.5,moderate,13.8705
2024-04-04 20:00:00+00:00,,,,,112.5,91.0,low,13.566
2024-04-04 21:00:00+00:00,,,,,90.5,67.0,low,10.373999999999999
2024-04-04 22:00:00+00:00,,,,,75.5,59.5,low,12.495
2024-04-04 23:00:00+00:00,,,,,71.0,56.0,low,9.156
2024-04-05 00:00:00+00:00,,,,,59.5,54.5,low,6.17925
2024-04-05 01:00:00+00:00,,,,,55.5,48.0,low,3.885
2024-04-05 02:00:00+00:00,,,,,53.5,49.5,low,3.003
2024-04-05 03:00:00+00:00,,,,,50.0,47.5,low,3.822
2024-04-05 04:00:00+00:00,,,,,46.0,46.5,low,7.3185
2024-04-05 05:00:00+00:00,,,,,47.0,50.0,low,9.009
2024-04-05 06:00:00+00:00,,,,,44.5,50.5,low,13.986
2024-04-05 07:00:00+00:00,,,,,45.5,45.0,low,15.9705
2024-04-05 08:00:00+00:00,,,,,42.0,32.5,low,15.28275
2024-04-05 09:00:00+00:00,,,,,36.5,26.0,very low,12.684000000000001
2024-04-05 10:00:00+00:00,,,,,27.5,25.5,very low,11.4345
2024-04-05 11:00:00+00:00,,,,,26.0,22.0,very low,11.129999999999999
2024-04-05 12:00:00+00:00,,,,,22.0,22.0,very low,6.7515
2024-04-05 13:00:00+00:00,,,,,22.5,22.5,very low,3.591
2024-04-05 14:00:00+00:00,,,,,22.0,22.5,very low,3.465
2024-04-05 15:00:00+00:00,,,,,22.0,25.0,very low,19.551000000000002
2024-04-05 16:00:00+00:00,,,,,25.5,32.0,very low,23.0895
2024-04-05 17:00:00+00:00,,,,,34.5,35.0,low,26.166
2024-04-05 18:00:00+00:00,,,,,35.0,40.0,low,13.1985
2024-04-05 19:00:00+00:00,,,,,39.5,37.5,low,12.873000000000001
2024-04-05 20:00:00+00:00,,,,,41.0,42.5,low,11.4765
2024-04-05 21:00:00+00:00,,,,,44.0,45.5,low,9.4605
2024-04-05 22:00:00+00:00,,,,,50.0,47.5,low,5.80125
2024-04-05 23:00:00+00:00,,,,,50.5,47.5,low,4.305
2024-04-06 00:00:00+00:00,,,,,48.0,47.0,low,3.402
2024-04-06 01:00:00+00:00,,,,,48.5,46.0,low,2.856
2024-04-06 02:00:00+00:00,,,,,49.0,45.5,low,-0.14699999999999996
2024-04-06 03:00:00+00:00,,,,,52.5,46.0,low,-0.9344999999999999
2024-04-06 04:00:00+00:00,,,,,48.0,46.0,low,0.11549999999999999
2024-04-06 05:00:00+00:00,,,,,48.0,42.0,low,0.105
2024-04-06 06:00:00+00:00,,,,,49.0,37.0,low,-0.6405
2024-04-06 07:00:00+00:00,,,,,51.0,33.0,very low,1.6695
2024-04-06 08:00:00+00:00,,,,,32.5,31.0,very low,-0.00525
2024-04-06 09:00:00+00:00,,,,,32.5,31.5,very low,-0.07350000000000001
2024-04-06 10:00:00+00:00,,,,,32.0,27.5,very low,-1.4175
2024-04-06 11:00:00+00:00,,,,,29.0,27.0,very low,-2.0789999999999997
2024-04-06 12:00:00+00:00,,,,,28.5,25.0,very low,-3.5595
2024-04-06 13:00:00+00:00,,,,,26.5,28.0,very low,-3.5385
2024-04-06 14:00:00+00:00,,,,,29.0,29.0,very low,-0.945
2024-04-06 15:00:00+00:00,,,,,29.5,34.0,very low,11.969999999999999
2024-04-06 16:00:00+00:00,,,,,34.5,41.0,low,17.82375
2024-04-06 17:00:00+00:00,,,,,42.0,45.0,low,19.95
2024-04-06 18:00:00+00:00,,,,,45.5,46.5,low,7.2135
2024-04-06 19:00:00+00:00,,,,,47.5,45.5,low,5.795999999999999
2024-04-06 20:00:00+00:00,,,,,49.5,51.0,low,3.339
2024-04-06 21:00:00+00:00,,,,,47.0,53.5,low,0.8400000000000001
2024-04-06 22:00:00+00:00,,,,,52.5,51.5,low,1.5750000000000002
2024-04-06 23:00:00+00:00,,,,,50.0,49.5,low,1.05
2024-04-07 00:00:00+00:00,,,,,49.0,49.0,low,-0.57225
2024-04-07 01:00:00+00:00,,,,,45.5,48.5,low,-0.7455
2024-04-07 02:00:00+00:00,,,,,46.0,49.0,low,-0.504
2024-04-07 03:00:00+00:00,,,,,46.5,50.0,low,-0.4095
2024-04-07 04:00:00+00:00,,,,,47.5,52.5,low,-0.3255
2024-04-07 05:00:00+00:00,,,,,48.0,55.0,low,-1.008
2024-04-07 06:00:00+00:00,,,,,49.5,52.0,low,-0.21000000000000002
2024-04-07 07:00:00+00:00,,,,,46.0,45.0,low,-0.084
2024-04-07 08:00:00+00:00,,,,,37.5,42.0,low,1.092
2024-04-07 09:00:00+00:00,,,,,36.0,39.5,low,0.5407500000000001
2024-04-07 10:00:00+00:00,,,,,35.5,39.5,low,-0.336
2024-04-07 11:00:00+00:00,,,,,34.0,40.0,low,-0.63
2024-04-07 12:00:00+00:00,,,,,41.5,39.5,low,-1.6695
2024-04-07 13:00:00+00:00,,,,,36.5,42.5,low,-0.105
2024-04-07 14:00:00+00:00,,,,,36.0,38.5,low,-0.4515
2024-04-07 15:00:00+00:00,,,,,36.5,41.0,low,13.0515
2024-04-07 16:00:00+00:00,,,,,38.0,50.5,low,17.6715
2024-04-07 17:00:00+00:00,,,,,49.0,57.5,low,22.176000000000002
2024-04-07 18:00:00+00:00,,,,,59.5,63.0,low,10.2165
2024-04-07 19:00:00+00:00,,,,,63.5,60.5,low,9.639
2024-04-07 20:00:00+00:00,,,,,62.0,58.0,low,8.925
2024-04-07 21:00:00+00:00,,,,,63.5,50.0,low,5.985
2024-04-07 22:00:00+00:00,,,,,62.0,49.5,low,4.305
2024-04-07 23:00:00+00:00,,,,,61.5,52.0,low,4.284000000000001
2024-04-08 00:00:00+00:00,,,,,57.5,57.5,low,6.3
2024-04-08 01:00:00+00:00,,,,,69.5,62.5,low,6.814500000000001
2024-04-08 02:00:00+00:00,,,,,67.5,66.0,low,7.3395
2024-04-08 03:00:00+00:00,,,,,69.0,73.5,low,7.3185
2024-04-08 04:00:00+00:00,,,,,76.5,100.0,low,11.1405
2024-04-08 05:00:00+00:00,,,,,108.5,126.0,moderate,14.2695
2024-04-08 06:00:00+00:00,,,,,143.5,142.5,moderate,14.637
2024-04-08 07:00:00+00:00,,,,,148.0,145.0,moderate,14.878499999999999
2024-04-08 08:00:00+00:00,,,,,144.5,134.5,moderate,14.91
2024-04-08 09:00:00+00:00,,,,,133.5,126.0,moderate,13.86
2024-04-08 10:00:00+00:00,,,,,127.0,118.5,moderate,13.6815
2024-04-08 11:00:00+00:00,,,,,123.0,111.0,moderate,14.742
2024-04-08 12:00:00+00:00,,,,,112.5,111.0,moderate,14.2275
2024-04-08 13:00:00+00:00,,,,,113.0,108.5,low,13.713000000000001
2024-04-08 14:00:00+00:00,,,,,117.5,129.0,moderate,12.495000000000001
2024-04-08 15:00:00+00:00,,,,,135.5,154.0,moderate,28.035
2024-04-08 16:00:00+00:00,,,,,159.0,165.5,moderate,31.71
2024-04-08 17:00:00+00:00,,,,,166.0,174.5,moderate,32.802
2024-04-08 18:00:00+00:00,,,,,172.5,178.0,moderate,18.144
2024-04-08 19:00:00+00:00,,,,,178.0,167.0,moderate,14.474250000000001
2024-04-08 20:00:00+00:00,,,,,165.0,140.5,moderate,12.894
2024-04-08 21:00:00+00:00,,,,,133.5,89.5,low,13.6395
2024-04-08 22:00:00+00:00,,,,,104.5,62.0,low,13.8285
2024-04-08 23:00:00+00:00,,,,,78.0,60.0,low,11.76
2024-04-09 00:00:00+00:00,,,,,57.0,61.5,low,11.13
2024-04-09 01:00:00+00:00,,,,,54.0,67.0,low,10.479
2024-04-09 02:00:00+00:00,,,,,63.5,65.5,low,7.6125
2024-04-09 03:00:00+00:00,,,,,62.0,60.0,low,6.6045
2024-04-09 04:00:00+00:00,,,,,59.5,57.0,low,7.906499999999999
2024-04-09 05:00:00+00:00,,,,,56.0,56.0,low,12.075
2024-04-09 06:00:00+00:00,,,,,54.5,48.5,low,13.6395
2024-04-09 07:00:00+00:00,,,,,45.0,48.0,low,13.6815
2024-04-09 08:00:00+00:00,,,,,46.5,45.5,low,13.9335
2024-04-09 09:00:00+00:00,,,,,42.0,41.5,low,12.2535
2024-04-09 10:00:00+00:00,,,,,42.5,38.0,low,8.82
2024-04-09 11:00:00+00:00,,,,,37.0,36.5,low,6.825
2024-04-09 12:00:00+00:00,,,,,32.5,34.5,very low,3.528
2024-04-09 13:00:00+00:00,,,,,31.0,35.5,low,1.9949999999999999
2024-04-09 14:00:00+00:00,,,,,29.5,34.5,very low,2.52
2024-04-09 15:00:00+00:00,,,,,33.0,32.0,very low,18.144
2024-04-09 16:00:00+00:00,,,,,30.5,34.5,very low,22.259999999999998
2024-04-09 17:00:00+00:00,,,,,33.5,42.5,low,26.04
2024-04-09 18:00:00+00:00,,,,,41.5,44.5,low,13.618500000000001
2024-04-09 19:00:00+00:00,,,,,47.5,45.5,low,13.692
2024-04-09 20:00:00+00:00,,,,,41.0,41.5,low,11.046
2024-04-09 21:00:00+00:00,,,,,38.5,50.0,low,8.085
2024-04-09 22:00:00+00:00,,,,,43.0,64.0,low,2.52
2024-04-09 23:00:00+00:00,,,,,54.0,68.5,low,1.1392499999999999
2024-04-10 00:00:00+00:00,,,,,65.5,67.5,low,2.1
2024-04-10 01:00:00+00:00,,,,,66.5,64.0,low,3.15
2024-04-10 02:00:00+00:00,,,,,64.5,62.5,low,5.04
2024-04-10 03:00:00+00:00,,,,,65.5,72.0,low,7.3919999999999995
2024-04-10 04:00:00+00:00,,,,,76.5,99.5,low,11.025
2024-04-10 05:00:00+00:00,,,,,106.0,125.0,moderate,15.939
2024-04-10 06:00:00+00:00,,,,,129.0,119.5,moderate,18.700499999999998
2024-04-10 07:00:00+00:00,,,,,132.5,108.0,low,15.792
2024-04-10 08:00:00+00:00,,,,,106.0,101.0,low,14.98875
2024-04-10 09:00:00+00:00,,,,,81.0,75.5,low,12.8415
2024-04-10 10:00:00+00:00,,,,,60.0,63.5,low,13.754999999999999
2024-04-10 11:00:00+00:00,,,,,47.5,37.0,low,11.686499999999999
2024-04-10 12:00:00+00:00,,,,,35.0,36.5,low,7.9799999999999995
2024-04-10 13:00:00+00:00,,,,,35.5,38.0,low,4.9350000000000005
2024-04-10 14:00:00+00:00,,,,,33.5,39.5,low,7.6125
2024-04-10 15:00:00+00:00,,,,,35.0,43.0,low,23.6355
2024-04-10 16:00:00+00:00,,,,,40.5,53.5,low,26.23425
2024-04-10 17:00:00+00:00,,,,,45.5,60.0,low,29.1795
2024-04-10 18:00:00+00:00,,,,,51.0,61.0,low,15.645
2024-04-10 19:00:00+00:00,,,,,53.0,53.0,low,15.1935
2024-04-10 20:00:00+00:00,,,,,48.0,51.5,low,11.172
2024-04-10 21:00:00+00:00,,,,,41.5,56.0,low,3.6435
2024-04-10 22:00:00+00:00,,,,,55.5,52.0,low,0.9555
2024-04-10 23:00:00+00:00,,,,,45.5,51.5,low,-1.323
2024-04-11 00:00:00+00:00,,,,,49.0,49.0,low,-1.1655
2024-04-11 01:00:00+00:00,,,,,46.5,50.5,low,-1.5645
2024-04-11 02:00:00+00:00,,,,,49.0,49.5,low,0.105
2024-04-11 03:00:00+00:00,,,,,50.5,47.5,low,0.1575
2024-04-11 04:00:00+00:00,,,,,53.0,60.5,low,2.583
2024-04-11 05:00:00+00:00,,,,,58.0,70.5,low,7.8225
2024-04-11 06:00:00+00:00,,,,,66.5,64.0,low,11.129999999999999
2024-04-11 07:00:00+00:00,,,,,66.5,67.0,low,11.224499999999999
2024-04-11 08:00:00+00:00,,,,,64.5,69.0,low,12.579
2024-04-11 09:00:00+00:00,,,,,66.0,64.5,low,12.48975
2024-04-11 10:00:00+00:00,,,,,68.0,65.5,low,12.894
2024-04-11 11:00:00+00:00,,,,,62.0,58.5,low,13.55025
2024-04-11 12:00:00+00:00,,,,,58.5,53.5,low,13.797
2024-04-11 13:00:00+00:00,,,,,54.5,60.5,low,13.23
2024-04-11 14:00:00+00:00,,,,,64.0,70.0,low,12.411
2024-04-11 15:00:00+00:00,,,,,71.5,91.5,low,25.872
2024-04-11 16:00:00+00:00,,,,,88.0,103.5,low,27.8985
2024-04-11 17:00:00+00:00,,,,,98.0,108.5,low,28.759500000000003
2024-04-11 18:00:00+00:00,,,,,98.5,105.5,low,15.981
2024-04-11 19:00:00+00:00,,,,,90.0,84.5,low,13.534500000000001
2024-04-11 20:00:00+00:00,,,,,70.5,62.5,low,12.852
2024-04-11 21:00:00+00:00,,,,,59.0,56.0,low,9.7125
2024-04-11 22:00:00+00:00,,,,,52.5,46.5,low,3.045
2024-04-11 23:00:00+00:00,,,,,45.0,46.5,low,2.268
2024-04-12 00:00:00+00:00,,,,,46.0,49.0,low,2.8665000000000003
2024-04-12 01:00:00+00:00,,,,,38.0,47.5,low,2.184
2024-04-12 02:00:00+00:00,,,,,44.5,47.0,low,1.638
2024-04-12 03:00:00+00:00,,,,,45.5,49.5,low,1.7955
2024-04-12 04:00:00+00:00,,,,,49.0,59.5,low,5.313
2024-04-12 05:00:00+00:00,,,,,53.0,66.0,low,12.81
2024-04-12 06:00:00+00:00,,,,,63.0,58.5,low,12.3165
2024-04-12 07:00:00+00:00,,,,,51.5,57.5,low,11.5185
2024-04-12 08:00:00+00:00,,,,,53.0,49.0,low,9.24
2024-04-12 09:00:00+00:00,,,,,48.5,39.0,low,4.54125
2024-04-12 10:00:00+00:00,,,,,40.0,33.0,very low,1.1445
2024-04-12 11:00:00+00:00,,,,,31.0,29.0,very low,1.05
2024-04-12 12:00:00+00:00,,,,,27.5,27.5,very low,-0.24150000000000005
2024-04-12 13:00:00+00:00,,,,,24.0,25.5,very low,0.0
2024-04-12 14:00:00+00:00,,,,,23.0,26.0,very low,-0.2625
2024-04-12 15:00:00+00:00,,,,,24.5,34.5,very low,15.7605
2024-04-12 16:00:00+00:00,,,,,29.5,42.5,low,21.08925
2024-04-12 17:00:00+00:00,,,,,35.0,62.5,low,25.2
2024-04-12 18:00:00+00:00,,,,,54.5,68.0,low,12.327
2024-04-12 19:00:00+00:00,,,,,59.5,55.0,low,12.075
2024-04-12 20:00:00+00:00,,,,,53.0,60.0,low,8.19
2024-04-12 21:00:00+00:00,,,,,55.0,56.0,low,3.2445
2024-04-12 22:00:00+00:00,,,,,60.5,57.0,low,5.2395
2024-04-12 23:00:00+00:00,,,,,68.0,54.0,low,5.218500000000001
2024-04-13 00:00:00+00:00,,,,,58.5,55.5,low,5.5125
2024-04-13 01:00:00+00:00,,,,,57.0,61.5,low,3.444
2024-04-13 02:00:00+00:00,,,,,62.5,61.5,low,3.0975
2024-04-13 03:00:00+00:00,,,,,62.5,62.5,low,4.746
2024-04-13 04:00:00+00:00,,,,,64.0,63.0,low,6.027
2024-04-13 05:00:00+00:00,,,,,57.0,65.0,low,6.5625
2024-04-13 06:00:00+00:00,,,,,68.5,62.0,low,5.25
2024-04-13 07:00:00+00:00,,,,,57.5,57.5,low,4.2
2024-04-13 08:00:00+00:00,,,,,46.5,56.5,low,3.024
2024-04-13 09:00:00+00:00,,,,,37.5,55.0,low,-0.42000000000000004
2024-04-13 10:00:00+00:00,,,,,34.0,51.5,low,-2.1
2024-04-13 11:00:00+00:00,,,,,27.0,43.5,low,-4.8405
2024-04-13 12:00:00+00:00,,,,,20.5,38.5,low,-6.2475
2024-04-13 13:00:00+00:00,,,,,19.5,27.0,very low,-7.875
2024-04-13 14:00:00+00:00,,,,,18.0,22.5,very low,-3.0345
2024-04-13 15:00:00+00:00,,,,,17.5,29.5,very low,12.442499999999999
2024-04-13 16:00:00+00:00,,,,,20.0,40.0,low,16.275
2024-04-13 17:00:00+00:00,,,,,28.0,47.0,low,19.467
2024-04-13 18:00:00+00:00,,,,,34.0,58.0,low,7.959
2024-04-13 19:00:00+00:00,,,,,45.5,53.0,low,7.371
2024-04-13 20:00:00+00:00,,,,,42.0,50.5,low,7.140000000000001
2024-04-13 21:00:00+00:00,,,,,44.0,62.0,low,5.25
2024-04-13 22:00:00+00:00,,,,,52.5,70.0,low,2.037
2024-04-13 23:00:00+00:00,,,,,64.0,67.5,low,-0.4725
2024-04-14 00:00:00+00:00,,,,,71.0,71.5,low,-0.336
2024-04-14 01:00:00+00:00,,,,,72.0,76.0,low,-0.357
2024-04-14 02:00:00+00:00,,,,,73.5,73.5,low,-1.05
2024-04-14 03:00:00+00:00,,,,,74.0,73.0,low,0.3255
2024-04-14 04:00:00+00:00,,,,,76.0,76.5,low,0.6405
2024-04-14 05:00:00+00:00,,,,,57.0,80.5,low,1.932
2024-04-14 06:00:00+00:00,,,,,74.5,80.5,low,-0.126
2024-04-14 07:00:00+00:00,,,,,69.5,72.0,low,0.2415
2024-04-14 08:00:00+00:00,,,,,73.0,63.0,low,-0.29400000000000004
2024-04-14 09:00:00+00:00,,,,,61.0,56.0,low,0.0
2024-04-14 10:00:00+00:00,,,,,52.5,53.0,low,2.1
2024-04-14 11:00:00+00:00,,,,,50.5,52.0,low,2.625
2024-04-14 12:00:00+00:00,,,,,49.5,51.5,low,-2.0685
2024-04-14 13:00:00+00:00,,,,,46.5,44.0,low,0.252
2024-04-14 14:00:00+00:00,,,,,50.0,39.5,low,-0.9450000000000001
2024-04-14 15:00:00+00:00,,,,,42.5,55.5,low,18.627000000000002
2024-04-14 16:00:00+00:00,,,,,54.5,71.0,low,25.935000000000002
2024-04-14 17:00:00+00:00,,,,,72.0,70.5,low,29.8305
2024-04-14 18:00:00+00:00,,,,,72.5,72.0,low,16.86825
2024-04-14 19:00:00+00:00,,,,,70.5,70.5,low,17.304000000000002
2024-04-14 20:00:00+00:00,,,,,72.0,66.0,low,11.109
2024-04-14 21:00:00+00:00,,,,,66.0,63.5,low,1.6800000000000002
2024-04-14 22:00:00+00:00,,,,,59.5,64.0,low,-0.31499999999999995
2024-04-14 23:00:00+00:00,,,,,60.5,60.0,low,0.966
2024-04-15 00:00:00+00:00,,,,,65.5,60.0,low,0.9239999999999999
2024-04-15 01:00:00+00:00,,,,,63.0,61.0,low,0.861
2024-04-15 02:00:00+00:00,,,,,60.5,60.5,low,-0.2415
2024-04-15 03:00:00+00:00,,,,,59.5,58.5,low,0.189
2024-04-15 04:00:00+00:00,,,,,59.5,59.5,low,-0.2625
2024-04-15 05:00:00+00:00,,,,,54.5,58.0,low,5.2395000000000005
2024-04-15 06:00:00+00:00,,,,,61.0,42.5,low,14.889
2024-04-15 07:00:00+00:00,,,,,45.0,33.0,low,13.754999999999999
2024-04-15 08:00:00+00:00,,,,,37.0,26.5,very low,12.2325
2024-04-15 09:00:00+00:00,,,,,29.0,23.5,very low,10.836
2024-04-15 10:00:00+00:00,,,,,21.0,22.0,very low,6.888
2024-04-15 11:00:00+00:00,,,,,21.5,22.0,very low,5.292
2024-04-15 12:00:00+00:00,,,,,19.5,19.5,very low,3.1500000000000004
2024-04-15 13:00:00+00:00,,,,,15.0,19.5,very low,3.108
2024-04-15 14:00:00+00:00,,,,,13.5,23.0,very low,1.47
2024-04-15 15:00:00+00:00,,,,,16.0,30.5,very low,19.845
2024-04-15 16:00:00+00:00,,,,,23.0,31.5,very low,23.667
2024-04-15 17:00:00+00:00,,,,,27.5,45.0,low,26.418
2024-04-15 18:00:00+00:00,,,,,38.0,54.5,low,13.818000000000001
2024-04-15 19:00:00+00:00,,,,,45.5,54.0,low,11.886
2024-04-15 20:00:00+00:00,,,,,42.5,43.0,low,9.639
2024-04-15 21:00:00+00:00,,,,,40.0,49.5,low,4.5045
2024-04-15 22:00:00+00:00,,,,,45.5,54.5,low,1.70625
2024-04-15 23:00:00+00:00,,,,,53.0,51.0,low,0.063
2024-04-16 00:00:00+00:00,,,,,48.0,50.0,low,0.39899999999999997
2024-04-16 01:00:00+00:00,,,,,49.5,46.5,low,0.34650000000000003
2024-04-16 02:00:00+00:00,,,,,46.5,48.5,low,-0.3045
2024-04-16 03:00:00+00:00,,,,,48.5,46.5,low,0.0
2024-04-16 04:00:00+00:00,,,,,46.0,46.5,low,2.4885
2024-04-16 05:00:00+00:00,,,,,39.5,54.0,low,12.075
2024-04-16 06:00:00+00:00,,,,,48.0,50.0,low,14.7
2024-04-16 07:00:00+00:00,,,,,43.0,37.5,low,12.663
2024-04-16 08:00:00+00:00,,,,,33.5,37.5,low,9.135000000000002
2024-04-16 09:00:00+00:00,,,,,31.5,38.5,low,8.232
2024-04-16 10:00:00+00:00,,,,,32.0,38.5,low,7.476
2024-04-16 11:00:00+00:00,,,,,31.5,36.0,low,8.064
2024-04-16 12:00:00+00:00,,,,,31.0,36.0,low,6.7620000000000005
2024-04-16 13:00:00+00:00,,,,,31.0,39.5,low,6.3
2024-04-16 14:00:00+00:00,,,,,33.0,44.5,low,7.224
2024-04-16 15:00:00+00:00,,,,,43.0,55.5,low,23.094749999999998
2024-04-16 16:00:00+00:00,,,,,59.0,67.5,low,26.775
2024-04-16 17:00:00+00:00,,,,,69.0,86.0,low,29.027250000000002
2024-04-16 18:00:00+00:00,,,,,80.5,91.5,low,18.606
2024-04-16 19:00:00+00:00,,,,,84.5,96.5,low,18.795
2024-04-16 20:00:00+00:00,,,,,72.0,91.0,low,17.64525
2024-04-16 21:00:00+00:00,,,,,86.5,86.0,low,15.151499999999999
2024-04-16 22:00:00+00:00,,,,,80.0,73.5,low,13.398
2024-04-16 23:00:00+00:00,,,,,69.0,67.5,low,12.536999999999999
2024-04-17 00:00:00+00:00,,,,,68.5,61.5,low,11.8545
2024-04-17 01:00:00+00:00,,,,,62.0,65.0,low,11.025
2024-04-17 02:00:00+00:00,,,,,65.0,67.0,low,10.184999999999999
2024-04-17 03:00:00+00:00,,,,,66.5,72.0,low,9.744
2024-04-17 04:00:00+00:00,,,,,72.5,83.0,low,11.9595
2024-04-17 05:00:00+00:00,,,,,80.5,108.0,low,19.53
2024-04-17 06:00:00+00:00,,,,,93.5,104.5,moderate,18.600749999999998
2024-04-17 07:00:00+00:00,,,,,100.5,83.5,low,17.314500000000002
2024-04-17 08:00:00+00:00,,,,,74.5,73.0,low,14.489999999999998
2024-04-17 09:00:00+00:00,,,,,67.5,67.5,low,13.629
2024-04-17 10:00:00+00:00,,,,,63.0,64.5,low,13.4295
2024-04-17 11:00:00+00:00,,,,,64.0,68.0,low,15.056999999999999
2024-04-17 12:00:00+00:00,,,,,64.5,72.5,low,14.7
2024-04-17 13:00:00+00:00,,,,,63.0,84.5,low,14.196
2024-04-17 14:00:00+00:00,,,,,80.5,105.5,low,14.91
2024-04-17 15:00:00+00:00,,,,,103.5,145.5,moderate,27.3
2024-04-17 16:00:00+00:00,,,,,142.5,168.5,moderate,28.539
2024-04-17 17:00:00+00:00,,,,,167.5,181.0,moderate,31.752
2024-04-17 18:00:00+00:00,,,,,182.5,186.5,moderate,20.4225
2024-04-17 19:00:00+00:00,,,,,186.0,177.5,moderate,20.307000000000002
2024-04-17 20:00:00+00:00,,,,,174.0,181.0,moderate,15.876
2024-04-17 21:00:00+00:00,,,,,170.5,169.0,moderate,14.678999999999998
2024-04-17 22:00:00+00:00,,,,,173.0,147.0,moderate,16.464
2024-04-17 23:00:00+00:00,,,,,145.0,142.5,moderate,15.183
2024-04-18 00:00:00+00:00,,,,,146.0,140.5,moderate,14.689499999999999
2024-04-18 01:00:00+00:00,,,,,141.5,146.0,moderate,15.4665
2024-04-18 02:00:00+00:00,,,,,148.0,135.5,moderate,14.300999999999998
2024-04-18 03:00:00+00:00,,,,,130.5,141.5,moderate,14.847
2024-04-18 04:00:00+00:00,,,,,152.5,165.5,moderate,17.377499999999998
2024-04-18 05:00:00+00:00,,,,,169.0,175.5,moderate,20.265
2024-04-18 06:00:00+00:00,,,,,181.0,166.0,moderate,22.6485
2024-04-18 07:00:00+00:00,,,,,165.0,143.5,moderate,19.0995
2024-04-18 08:00:00+00:00,,,,,132.5,115.0,moderate,15.603
2024-04-18 09:00:00+00:00,,,,,120.5,81.5,low,15.666
2024-04-18 10:00:00+00:00,,,,,79.5,59.5,low,14.637
2024-04-18 11:00:00+00:00,,,,,65.5,47.5,low,13.776
2024-04-18 12:00:00+00:00,,,,,56.0,47.0,low,11.34
2024-04-18 13:00:00+00:00,,,,,50.5,45.0,low,11.907
2024-04-18 14:00:00+00:00,,,,,45.0,54.0,low,12.285
2024-04-18 15:00:00+00:00,,,,,52.5,69.0,low,26.166
2024-04-18 16:00:00+00:00,,,,,66.0,76.0,low,28.8645
2024-04-18 17:00:00+00:00,,,,,77.5,77.0,low,30.555
2024-04-18 18:00:00+00:00,,,,,75.0,75.5,low,19.194
2024-04-18 19:00:00+00:00,,,,,69.5,64.0,low,18.21225
2024-04-18 20:00:00+00:00,,,,,57.0,53.0,low,16.401
2024-04-18 21:00:00+00:00,,,,,52.0,41.5,low,13.471499999999999
2024-04-18 22:00:00+00:00,,,,,50.5,46.5,low,9.24
2024-04-18 23:00:00+00:00,,,,,47.5,45.0,low,8.9985
2024-04-19 00:00:00+00:00,,,,,46.0,45.0,low,7.2555
2024-04-19 01:00:00+00:00,,,,,47.0,45.5,low,6.1530000000000005
2024-04-19 02:00:00+00:00,,,,,46.0,46.5,low,5.8695
2024-04-19 03:00:00+00:00,,,,,49.0,48.0,low,6.258
2024-04-19 04:00:00+00:00,,,,,72.0,49.5,low,5.775
2024-04-19 05:00:00+00:00,,,,,50.5,53.5,low,12.033000000000001
2024-04-19 06:00:00+00:00,,,,,46.5,57.0,low,13.618500000000001
2024-04-19 07:00:00+00:00,,,,,49.0,55.0,low,13.65
2024-04-19 08:00:00+00:00,,,,,48.0,54.5,low,11.4345
2024-04-19 09:00:00+00:00,,,,,49.5,48.0,low,8.5155
2024-04-19 10:00:00+00:00,,,,,45.0,42.0,low,8.4
2024-04-19 11:00:00+00:00,,,,,42.0,43.5,low,6.3315
2024-04-19 12:00:00+00:00,,,,,38.0,38.0,low,4.9665
2024-04-19 13:00:00+00:00,,,,,38.5,38.5,low,5.502
2024-04-19 14:00:00+00:00,,,,,47.5,42.5,low,5.46
2024-04-19 15:00:00+00:00,,,,,46.0,45.5,low,22.895249999999997
2024-04-19 16:00:00+00:00,,,,,50.0,54.0,low,24.685499999999998
2024-04-19 17:00:00+00:00,,,,,60.5,70.0,low,27.342
2024-04-19 18:00:00+00:00,,,,,71.5,77.0,low,18.679499999999997
2024-04-19 19:00:00+00:00,,,,,77.5,80.0,low,18.53775
2024-04-19 20:00:00+00:00,,,,,79.0,74.5,low,18.144
2024-04-19 21:00:00+00:00,,,,,72.0,73.0,low,15.0255
2024-04-19 22:00:00+00:00,,,,,77.0,66.0,low,13.965
2024-04-19 23:00:00+00:00,,,,,72.0,67.0,low,13.1985
2024-04-20 00:00:00+00:00,,,,,71.5,76.0,low,13.545
2024-04-20 01:00:00+00:00,,,,,84.5,68.0,low,13.807500000000001
2024-04-20 02:00:00+00:00,,,,,74.5,73.0,low,13.3245
2024-04-20 03:00:00+00:00,,,,,81.5,76.5,low,13.545
2024-04-20 04:00:00+00:00,,,,,83.5,78.0,low,12.096
2024-04-20 05:00:00+00:00,,,,,86.5,77.5,low,14.679
2024-04-20 06:00:00+00:00,,,,,78.5,69.5,low,16.59
2024-04-20 07:00:00+00:00,,,,,66.5,59.0,low,16.2015
2024-04-20 08:00:00+00:00,,,,,55.5,53.5,low,16.695
2024-04-20 09:00:00+00:00,,,,,48.5,51.0,low,15.3195
2024-04-20 10:00:00+00:00,,,,,51.5,51.5,low,13.57125
2024-04-20 11:00:00+00:00,,,,,50.0,53.5,low,13.5975
2024-04-20 12:00:00+00:00,,,,,52.0,57.0,low,12.064499999999999
2024-04-20 13:00:00+00:00,,,,,53.5,55.5,low,11.298
2024-04-20 14:00:00+00:00,,,,,54.5,64.5,low,10.395
2024-04-20 15:00:00+00:00,,,,,69.5,85.5,low,25.200000000000003
2024-04-20 16:00:00+00:00,,,,,90.0,110.0,low,28.833
2024-04-20 17:00:00+00:00,,,,,118.5,118.0,moderate,30.491999999999997
2024-04-20 18:00:00+00:00,,,,,126.0,125.0,moderate,18.375
2024-04-20 19:00:00+00:00,,,,,124.0,130.0,moderate,18.7425
2024-04-20 20:00:00+00:00,,,,,128.5,131.0,moderate,16.611
2024-04-20 21:00:00+00:00,,,,,132.5,112.0,moderate,13.87575
2024-04-20 22:00:00+00:00,,,,,118.0,96.0,low,15.204
2024-04-20 23:00:00+00:00,,,,,104.0,84.5,low,12.684000000000001
2024-04-21 00:00:00+00:00,,,,,88.5,84.0,low,12.253499999999999
2024-04-21 01:00:00+00:00,,,,,84.0,84.0,low,11.7705
2024-04-21 02:00:00+00:00,,,,,84.5,83.0,low,12.138
2024-04-21 03:00:00+00:00,,,,,84.5,82.5,low,11.1405
2024-04-21 04:00:00+00:00,,,,,88.0,84.5,low,11.025
2024-04-21 05:00:00+00:00,,,,,85.0,85.0,low,11.76
2024-04-21 06:00:00+00:00,,,,,85.5,80.0,low,12.10125
2024-04-21 07:00:00+00:00,,,,,78.0,74.0,low,12.075
2024-04-21 08:00:00+00:00,,,,,66.5,72.5,low,12.526499999999999
2024-04-21 09:00:00+00:00,,,,,66.0,72.5,low,13.629
2024-04-21 10:00:00+00:00,,,,,63.5,77.0,low,14.574
2024-04-21 11:00:00+00:00,,,,,69.5,79.5,low,16.79475
2024-04-21 12:00:00+00:00,,,,,73.5,81.5,low,15.350999999999999
2024-04-21 13:00:00+00:00,,,,,77.0,84.5,low,14.4375
2024-04-21 14:00:00+00:00,,,,,83.0,96.5,low,14.3325
2024-04-21 15:00:00+00:00,,,,,94.5,125.5,moderate,26.753999999999998
2024-04-21 16:00:00+00:00,,,,,128.5,142.0,moderate,30.765
2024-04-21 17:00:00+00:00,,,,,145.5,155.5,moderate,32.109
2024-04-21 18:00:00+00:00,,,,,150.0,161.5,moderate,19.4565
2024-04-21 19:00:00+00:00,,,,,156.5,164.0,moderate,19.887
2024-04-21 20:00:00+00:00,,,,,161.5,160.5,moderate,17.976
2024-04-21 21:00:00+00:00,,,,,153.5,156.5,moderate,14.931000000000001
2024-04-21 22:00:00+00:00,,,,,142.5,157.5,moderate,14.196
2024-04-21 23:00:00+00:00,,,,,143.0,165.5,moderate,13.818
2024-04-22 00:00:00+00:00,,,,,168.5,168.5,moderate,13.818
2024-04-22 01:00:00+00:00,,,,,172.0,165.0,moderate,13.3875
2024-04-22 02:00:00+00:00,,,,,170.5,166.0,moderate,13.692
2024-04-22 03:00:00+00:00,,,,,172.5,173.0,moderate,13.440000000000001
2024-04-22 04:00:00+00:00,,,,,182.0,196.0,moderate,16.8735
2024-04-22 05:00:00+00:00,,,,,199.5,210.0,high,20.853
2024-04-22 06:00:00+00:00,,,,,209.0,198.5,high,22.060499999999998
2024-04-22 07:00:00+00:00,,,,,195.0,195.0,high,17.8395
2024-04-22 08:00:00+00:00,,,,,191.5,190.0,moderate,16.149
2024-04-22 09:00:00+00:00,,,,,187.0,191.0,high,15.214500000000001
2024-04-22 10:00:00+00:00,,,,,189.0,187.0,moderate,14.889
2024-04-22 11:00:00+00:00,,,,,184.0,184.5,moderate,15.1305
2024-04-22 12:00:00+00:00,,,,,182.0,187.5,moderate,14.154
2024-04-22 13:00:00+00:00,,,,,186.5,191.0,high,13.608
2024-04-22 14:00:00+00:00,,,,,194.5,199.5,high,13.65
2024-04-22 15:00:00+00:00,,,,,196.0,206.0,high,27.509999999999998
2024-04-22 16:00:00+00:00,,,,,201.0,202.0,high,29.924999999999997
2024-04-22 17:00:00+00:00,,,,,207.5,213.5,high,31.899
2024-04-22 18:00:00+00:00,,,,,218.5,217.5,high,18.963
2024-04-22 19:00:00+00:00,,,,,220.5,217.0,high,17.8815
2024-04-22 20:00:00+00:00,,,,,220.5,208.0,high,15.96
2024-04-22 21:00:00+00:00,,,,,241.5,188.0,high,15.6765
2024-04-22 22:00:00+00:00,,,,,189.0,172.5,moderate,14.66325
2024-04-22 23:00:00+00:00,,,,,175.5,166.5,moderate,14.175
2024-04-23 00:00:00+00:00,,,,,172.0,162.5,moderate,14.395499999999998
2024-04-23 01:00:00+00:00,,,,,165.0,154.0,moderate,13.6395
2024-04-23 02:00:00+00:00,,,,,157.5,152.0,moderate,13.345500000000001
2024-04-23 03:00:00+00:00,,,,,155.5,153.5,moderate,13.23
2024-04-23 04:00:00+00:00,,,,,160.0,173.0,moderate,16.506
2024-04-23 05:00:00+00:00,,,,,187.0,185.0,moderate,21.987000000000002
2024-04-23 06:00:00+00:00,,,,,179.0,182.5,moderate,22.26
2024-04-23 07:00:00+00:00,,,,,179.5,177.0,moderate,19.036499999999997
2024-04-23 08:00:00+00:00,,,,,177.5,164.0,moderate,15.5925
2024-04-23 09:00:00+00:00,,,,,164.0,152.5,moderate,13.534500000000001
2024-04-23 10:00:00+00:00,,,,,150.0,129.0,moderate,14.091000000000001
2024-04-23 11:00:00+00:00,,,,,129.5,118.5,moderate,13.649999999999999
2024-04-23 12:00:00+00:00,,,,,117.0,106.0,low,13.209
2024-04-23 13:00:00+00:00,,,,,106.0,110.0,low,12.978000000000002
2024-04-23 14:00:00+00:00,,,,,99.5,121.5,moderate,13.146
2024-04-23 15:00:00+00:00,,,,,123.0,122.0,moderate,26.544
2024-04-23 16:00:00+00:00,,,,,134.5,126.5,moderate,27.153
2024-04-23 17:00:00+00:00,,,,,141.5,141.0,moderate,31.3425
2024-04-23 18:00:00+00:00,,,,,152.5,151.5,moderate,19.11
2024-04-23 19:00:00+00:00,,,,,153.0,154.0,moderate,18.186
2024-04-23 20:00:00+00:00,,,,,146.0,144.0,moderate,16.296
2024-04-23 21:00:00+00:00,,,,,137.5,110.5,moderate,15.350999999999999
2024-04-23 22:00:00+00:00,,,,,122.5,85.5,low,13.2615
2024-04-23 23:00:00+00:00,,,,,110.5,82.0,low,12.589500000000001
2024-04-24 00:00:00+00:00,,,,,89.0,80.5,low,12.495000000000001
2024-04-24 01:00:00+00:00,,,,,87.5,87.5,low,12.39
2024-04-24 02:00:00+00:00,,,,,88.0,85.5,low,12.9255
2024-04-24 03:00:00+00:00,,,,,90.5,92.5,low,12.778500000000001
2024-04-24 04:00:00+00:00,,,,,97.0,119.0,low,14.469000000000001
2024-04-24 05:00:00+00:00,,,,,127.5,138.0,moderate,17.493000000000002
2024-04-24 06:00:00+00:00,,,,,146.5,137.0,moderate,19.866
2024-04-24 07:00:00+00:00,,,,,134.0,126.5,moderate,18.13875
2024-04-24 08:00:00+00:00,,,,,113.5,121.5,moderate,14.8575
2024-04-24 09:00:00+00:00,,,,,114.5,119.0,moderate,13.7025
2024-04-24 10:00:00+00:00,,,,,116.5,120.5,moderate,13.7235
2024-04-24 11:00:00+00:00,,,,,119.0,119.5,moderate,13.587
2024-04-24 12:00:00+00:00,,,,,115.0,117.5,moderate,12.94125
2024-04-24 13:00:00+00:00,,,,,116.0,115.0,moderate,12.915
2024-04-24 14:00:00+00:00,,,,,114.0,124.0,moderate,13.271999999999998
2024-04-24 15:00:00+00:00,,,,,133.5,139.5,moderate,27.1005
2024-04-24 16:00:00+00:00,,,,,143.5,160.5,moderate,28.245
2024-04-24 17:00:00+00:00,,,,,165.0,167.0,moderate,29.683500000000002
2024-04-24 18:00:00+00:00,,,,,172.0,174.5,moderate,19.724249999999998
2024-04-24 19:00:00+00:00,,,,,182.5,174.5,moderate,19.6035
2024-04-24 20:00:00+00:00,,,,,180.0,176.5,moderate,18.84225
2024-04-24 21:00:00+00:00,,,,,173.5,162.0,moderate,16.31175
2024-04-24 22:00:00+00:00,,,,,158.0,154.5,moderate,15.75
2024-04-24 23:00:00+00:00,,,,,153.0,163.0,moderate,14.154
2024-04-25 00:00:00+00:00,,,,,166.0,163.5,moderate,13.524000000000001
2024-04-25 01:00:00+00:00,,,,,164.5,149.5,moderate,13.3665
2024-04-25 02:00:00+00:00,,,,,145.0,147.5,moderate,12.621
2024-04-25 03:00:00+00:00,,,,,145.0,154.0,moderate,13.209
2024-04-25 04:00:00+00:00,,,,,169.0,168.5,moderate,15.372
2024-04-25 05:00:00+00:00,,,,,181.5,188.5,high,19.0365
2024-04-25 06:00:00+00:00,,,,,196.0,181.0,moderate,20.475
2024-04-25 07:00:00+00:00,,,,,179.5,170.5,moderate,18.648
2024-04-25 08:00:00+00:00,,,,,170.0,164.5,moderate,15.434999999999999
2024-04-25 09:00:00+00:00,,,,,167.0,158.0,moderate,14.9835
2024-04-25 10:00:00+00:00,,,,,159.5,150.0,moderate,13.649999999999999
2024-04-25 11:00:00+00:00,,,,,150.0,154.5,moderate,13.3875
2024-04-25 12:00:00+00:00,,,,,156.5,159.0,moderate,13.277249999999999
2024-04-25 13:00:00+00:00,,,,,163.0,162.5,moderate,13.209
2024-04-25 14:00:00+00:00,,,,,167.0,181.0,moderate,13.8285
2024-04-25 15:00:00+00:00,,,,,175.0,195.5,high,27.111
2024-04-25 16:00:00+00:00,,,,,196.5,199.0,high,30.3555
2024-04-25 17:00:00+00:00,,,,,204.5,206.0,high,32.864999999999995
2024-04-25 18:00:00+00:00,,,,,208.0,212.0,high,20.5275
2024-04-25 19:00:00+00:00,,,,,218.0,218.5,high,20.475
2024-04-25 20:00:00+00:00,,,,,224.0,215.5,high,17.0625
2024-04-25 21:00:00+00:00,,,,,218.0,187.0,high,14.826
2024-04-25 22:00:00+00:00,,,,,196.5,173.5,moderate,13.776
2024-04-25 23:00:00+00:00,,,,,160.0,166.5,moderate,13.3245
2024-04-26 00:00:00+00:00,,,,,171.0,168.5,moderate,13.335
2024-04-26 01:00:00+00:00,,,,,168.5,166.0,moderate,13.419
2024-04-26 02:00:00+00:00,,,,,167.0,165.0,moderate,13.3035
2024-04-26 03:00:00+00:00,,,,,169.5,171.0,moderate,13.440000000000001
2024-04-26 04:00:00+00:00,,,,,183.0,187.5,moderate,15.036000000000001
2024-04-26 05:00:00+00:00,,,,,199.5,208.5,high,18.81075
2024-04-26 06:00:00+00:00,,,,,209.0,211.0,high,18.322499999999998
2024-04-26 07:00:00+00:00,,,,,212.5,197.5,high,20.191499999999998
2024-04-26 08:00:00+00:00,,,,,197.0,191.5,high,18.857999999999997
2024-04-26 09:00:00+00:00,,,,,191.5,188.5,high,16.3485
2024-04-26 10:00:00+00:00,,,,,191.5,183.0,moderate,15.036000000000001
2024-04-26 11:00:00+00:00,,,,,182.5,180.5,moderate,14.91
2024-04-26 12:00:00+00:00,,,,,187.5,174.5,moderate,14.001750000000001
2024-04-26 13:00:00+00:00,,,,,178.5,184.5,moderate,13.335
2024-04-26 14:00:00+00:00,,,,,187.0,209.0,high,13.629
2024-04-26 15:00:00+00:00,,,,,208.0,221.0,high,27.93
2024-04-26 16:00:00+00:00,,,,,220.0,224.5,high,30.313499999999998
2024-04-26 17:00:00+00:00,,,,,226.0,227.5,high,33.411
2024-04-26 18:00:00+00:00,,,,,225.5,233.0,high,20.853
2024-04-26 19:00:00+00:00,,,,,230.0,237.0,high,19.204500000000003
2024-04-26 20:00:00+00:00,,,,,233.0,231.5,high,18.06
2024-04-26 21:00:00+00:00,,,,,227.0,205.5,high,14.2905
2024-04-26 22:00:00+00:00,,,,,211.5,195.0,high,16.24875
2024-04-26 23:00:00+00:00,,,,,187.0,189.0,high,16.04925
2024-04-27 00:00:00+00:00,,,,,184.5,187.5,moderate,16.0965
2024-04-27 01:00:00+00:00,,,,,179.5,178.5,moderate,15.592500000000001
2024-04-27 02:00:00+00:00,,,,,174.0,166.5,moderate,15.015
2024-04-27 03:00:00+00:00,,,,,167.0,161.5,moderate,14.322
2024-04-27 04:00:00+00:00,,,,,162.0,157.0,moderate,13.245750000000001
2024-04-27 05:00:00+00:00,,,,,155.0,153.5,moderate,14.553
2024-04-27 06:00:00+00:00,,,,,157.0,151.5,moderate,15.6555
2024-04-27 07:00:00+00:00,,,,,151.5,149.5,moderate,15.96
2024-04-27 08:00:00+00:00,,,,,145.5,149.5,moderate,17.787
2024-04-27 09:00:00+00:00,,,,,144.5,152.5,moderate,17.64
2024-04-27 10:00:00+00:00,,,,,145.0,155.0,moderate,16.59
2024-04-27 11:00:00+00:00,,,,,149.5,154.5,moderate,16.7265
2024-04-27 12:00:00+00:00,,,,,148.5,153.5,moderate,15.16725
2024-04-27 13:00:00+00:00,,,,,145.5,155.5,moderate,12.9885
2024-04-27 14:00:00+00:00,,,,,155.0,154.0,moderate,12.9885
2024-04-27 15:00:00+00:00,,,,,155.5,161.5,moderate,27.4575
2024-04-27 16:00:00+00:00,,,,,163.0,160.0,moderate,30.134999999999998
2024-04-27 17:00:00+00:00,,,,,160.5,157.5,moderate,32.129999999999995
2024-04-27 18:00:00+00:00,,,,,155.0,165.5,moderate,18.3645
2024-04-27 19:00:00+00:00,,,,,163.0,161.5,moderate,15.54
2024-04-27 20:00:00+00:00,,,,,158.5,143.0,moderate,14.721
2024-04-27 21:00:00+00:00,,,,,145.0,122.0,moderate,16.275
2024-04-27 22:00:00+00:00,,,,,125.0,110.0,moderate,17.451
2024-04-27 23:00:00+00:00,,,,,111.5,106.5,low,16.631999999999998
2024-04-28 00:00:00+00:00,,,,,102.0,112.5,moderate,15.9075
2024-04-28 01:00:00+00:00,,,,,103.0,100.0,low,14.1645
2024-04-28 02:00:00+00:00,,,,,98.0,86.5,low,11.969999999999999
2024-04-28 03:00:00+00:00,,,,,86.5,87.5,low,10.479
2024-04-28 04:00:00+00:00,,,,,88.5,92.5,low,11.318999999999999
2024-04-28 05:00:00+00:00,,,,,90.0,99.0,low,11.55
2024-04-28 06:00:00+00:00,,,,,103.0,97.5,low,12.789000000000001
2024-04-28 07:00:00+00:00,,,,,93.5,96.5,low,15.015
2024-04-28 08:00:00+00:00,,,,,94.0,91.5,low,17.304000000000002
2024-04-28 09:00:00+00:00,,,,,84.0,90.5,low,17.556
2024-04-28 10:00:00+00:00,,,,,84.0,86.0,low,17.85
2024-04-28 11:00:00+00:00,,,,,81.5,75.5,low,17.535
2024-04-28 12:00:00+00:00,,,,,75.0,72.5,low,14.783999999999999
2024-04-28 13:00:00+00:00,,,,,68.0,72.0,low,10.983
2024-04-28 14:00:00+00:00,,,,,72.0,77.5,low,11.949
2024-04-28 15:00:00+00:00,,,,,79.5,96.0,low,26.575499999999998
2024-04-28 16:00:00+00:00,,,,,96.0,105.5,low,28.938
2024-04-28 17:00:00+00:00,,,,,107.0,107.5,low,29.61
2024-04-28 18:00:00+00:00,,,,,99.0,112.5,moderate,18.3855
2024-04-28 19:00:00+00:00,,,,,98.5,109.5,moderate,16.6005
2024-04-28 20:00:00+00:00,,,,,86.5,92.0,low,16.1385
2024-04-28 21:00:00+00:00,,,,,79.0,66.5,low,13.3875
2024-04-28 22:00:00+00:00,,,,,56.5,61.0,low,11.76
2024-04-28 23:00:00+00:00,,,,,69.0,59.5,low,10.794
2024-04-29 00:00:00+00:00,,,,,64.0,68.0,low,11.686499999999999
2024-04-29 01:00:00+00:00,,,,,61.5,64.5,low,12.6
2024-04-29 02:00:00+00:00,,,,,67.0,68.5,low,12.6
2024-04-29 03:00:00+00:00,,,,,67.0,89.0,low,13.177499999999998
2024-04-29 04:00:00+00:00,,,,,89.0,109.5,low,14.2905
2024-04-29 05:00:00+00:00,,,,,104.5,113.5,moderate,17.808
2024-04-29 06:00:00+00:00,,,,,99.5,95.5,low,18.05475
2024-04-29 07:00:00+00:00,,,,,83.5,77.0,low,15.666
2024-04-29 08:00:00+00:00,,,,,66.0,58.0,low,13.8705
2024-04-29 09:00:00+00:00,,,,,52.5,49.0,low,12.831
2024-04-29 10:00:00+00:00,,,,,45.0,48.0,low,11.445
2024-04-29 11:00:00+00:00,,,,,45.0,40.5,low,10.605
2024-04-29 12:00:00+00:00,,,,,41.5,40.5,low,9.6915
2024-04-29 13:00:00+00:00,,,,,34.0,37.5,low,8.988
2024-04-29 14:00:00+00:00,,,,,51.5,44.5,low,8.925
2024-04-29 15:00:00+00:00,,,,,46.5,76.5,low,25.725
2024-04-29 16:00:00+00:00,,,,,64.0,104.5,low,28.644
2024-04-29 17:00:00+00:00,,,,,89.0,116.5,moderate,31.794
2024-04-29 18:00:00+00:00,,,,,114.0,122.0,moderate,19.845
2024-04-29 19:00:00+00:00,,,,,119.5,118.5,moderate,18.081
2024-04-29 20:00:00+00:00,,,,,115.5,103.5,low,15.225000000000001
2024-04-29 21:00:00+00:00,,,,,106.0,75.0,low,14.385
2024-04-29 22:00:00+00:00,,,,,91.0,58.5,low,13.167
2024-04-29 23:00:00+00:00,,,,,84.5,63.5,low,11.865
2024-04-30 00:00:00+00:00,,,,,70.0,63.0,low,12.3375
2024-04-30 01:00:00+00:00,,,,,68.5,61.5,low,12.3165
2024-04-30 02:00:00+00:00,,,,,66.5,58.5,low,10.184999999999999
2024-04-30 03:00:00+00:00,,,,,64.5,59.0,low,12.39525
2024-04-30 04:00:00+00:00,,,,,65.5,61.5,low,14.5215
2024-04-30 05:00:00+00:00,,,,,71.0,66.0,low,18.060000000000002
2024-04-30 06:00:00+00:00,,,,,72.0,60.5,low,18.44325
2024-04-30 07:00:00+00:00,,,,,60.5,54.5,low,17.808
2024-04-30 08:00:00+00:00,,,,,55.5,46.0,low,13.2195
2024-04-30 09:00:00+00:00,,,,,48.5,44.0,low,9.86475
2024-04-30 10:00:00+00:00,,,,,46.0,40.0,low,10.815000000000001
2024-04-30 11:00:00+00:00,,,,,42.0,37.5,low,9.765
2024-04-30 12:00:00+00:00,,,,,41.0,38.0,low,8.547
2024-04-30 13:00:00+00:00,,,,,40.0,46.5,low,8.221499999999999
2024-04-30 14:00:00+00:00,,,,,41.0,58.0,low,10.2165
2024-04-30 15:00:00+00:00,,,,,49.5,78.5,low,24.9795
2024-04-30 16:00:00+00:00,,,,,77.0,102.5,low,26.6175
2024-04-30 17:00:00+00:00,,,,,97.0,117.5,moderate,27.9195
2024-04-30 18:00:00+00:00,,,,,112.5,123.5,moderate,17.713500000000003
2024-04-30 19:00:00+00:00,,,,,117.5,126.0,moderate,17.808
2024-04-30 20:00:00+00:00,,,,,121.0,117.5,moderate,16.065
2024-04-30 21:00:00+00:00,,,,,115.5,101.5,low,14.343
2024-04-30 22:00:00+00:00,,,,,109.5,99.0,low,13.125
2024-04-30 23:00:00+00:00,,,,,110.0,113.5,moderate,11.991
2024-05-01 00:00:00+00:00,,,,,106.5,108.5,moderate,12.589500000000001
2024-05-01 01:00:00+00:00,,,,,108.5,104.0,low,12.6525
2024-05-01 02:00:00+00:00,,,,,104.0,111.0,low,11.8335
2024-05-01 03:00:00+00:00,,,,,110.0,116.0,moderate,12.411
2024-05-01 04:00:00+00:00,,,,,117.5,137.5,moderate,13.629
2024-05-01 05:00:00+00:00,,,,,137.5,172.0,moderate,15.781500000000001
2024-05-01 06:00:00+00:00,,,,,183.5,180.5,moderate,16.275
2024-05-01 07:00:00+00:00,,,,,180.5,173.5,moderate,17.04675
2024-05-01 08:00:00+00:00,,,,,166.5,162.5,moderate,16.9785
2024-05-01 09:00:00+00:00,,,,,157.0,147.5,moderate,17.535
2024-05-01 10:00:00+00:00,,,,,145.0,142.0,moderate,16.1595
2024-05-01 11:00:00+00:00,,,,,140.0,134.0,moderate,14.972999999999999
2024-05-01 12:00:00+00:00,,,,,133.0,132.5,moderate,14.0595
2024-05-01 13:00:00+00:00,,,,,127.5,138.0,moderate,13.335
2024-05-01 14:00:00+00:00,,,,,141.0,140.0,moderate,13.335
2024-05-01 15:00:00+00:00,,,,,145.5,134.5,moderate,27.09
2024-05-01 16:00:00+00:00,,,,,146.5,134.0,moderate,29.2215
2024-05-01 17:00:00+00:00,,,,,139.5,131.5,moderate,29.756999999999998
2024-05-01 18:00:00+00:00,,,,,134.0,133.0,moderate,17.82375
2024-05-01 19:00:00+00:00,,,,,136.5,126.5,moderate,16.4115
2024-05-01 20:00:00+00:00,,,,,125.5,108.0,moderate,14.68425
2024-05-01 21:00:00+00:00,,,,,114.0,77.5,low,11.445
2024-05-01 22:00:00+00:00,,,,,96.0,60.5,low,15.078
2024-05-01 23:00:00+00:00,,,,,83.5,60.0,low,12.242999999999999
2024-05-02 00:00:00+00:00,,,,,66.0,59.5,low,11.76
2024-05-02 01:00:00+00:00,,,,,67.0,60.5,low,9.9015
2024-05-02 02:00:00+00:00,,,,,66.0,64.0,low,9.155999999999999
2024-05-02 03:00:00+00:00,,,,,69.0,68.0,low,9.66
2024-05-02 04:00:00+00:00,,,,,72.5,65.0,low,11.402999999999999
2024-05-02 05:00:00+00:00,,,,,70.0,74.5,low,14.0805
2024-05-02 06:00:00+00:00,,,,,82.5,78.5,low,17.22
2024-05-02 07:00:00+00:00,,,,,83.5,79.0,low,17.304000000000002
2024-05-02 08:00:00+00:00,,,,,83.0,71.0,low,16.884
2024-05-02 09:00:00+00:00,,,,,83.0,62.5,low,14.594999999999999
2024-05-02 10:00:00+00:00,,,,,76.5,53.5,low,13.7865
2024-05-02 11:00:00+00:00,,,,,68.5,52.5,low,12.033
2024-05-02 12:00:00+00:00,,,,,68.0,50.0,low,9.87
2024-05-02 13:00:00+00:00,,,,,62.0,52.0,low,8.1795
2024-05-02 14:00:00+00:00,,,,,64.0,58.0,low,8.715
2024-05-02 15:00:00+00:00,,,,,66.0,76.0,low,24.0765
2024-05-02 16:00:00+00:00,,,,,63.0,92.0,low,27.4575
2024-05-02 17:00:00+00:00,,,,,95.0,106.5,low,28.413
2024-05-02 18:00:00+00:00,,,,,109.0,113.0,moderate,16.779
2024-05-02 19:00:00+00:00,,,,,115.0,114.5,moderate,16.401000000000003
2024-05-02 20:00:00+00:00,,,,,117.0,95.5,low,16.317
2024-05-02 21:00:00+00:00,,,,,105.0,76.5,low,13.797
2024-05-02 22:00:00+00:00,,,,,78.0,69.5,low,16.3905
2024-05-02 23:00:00+00:00,,,,,64.0,69.5,low,14.721
2024-05-03 00:00:00+00:00,,,,,67.5,70.5,low,13.356
2024-05-03 01:00:00+00:00,,,,,73.0,71.0,low,13.545
2024-05-03 02:00:00+00:00,,,,,71.5,74.0,low,13.2405
2024-05-03 03:00:00+00:00,,,,,79.0,79.0,low,13.314
2024-05-03 04:00:00+00:00,,,,,80.0,103.0,low,12.978
2024-05-03 05:00:00+00:00,,,,,97.5,132.5,moderate,14.5845
2024-05-03 06:00:00+00:00,,,,,138.5,133.5,moderate,15.865499999999999
2024-05-03 07:00:00+00:00,,,,,137.0,124.0,moderate,18.322499999999998
2024-05-03 08:00:00+00:00,,,,,122.0,119.5,moderate,17.8185
2024-05-03 09:00:00+00:00,,,,,115.0,118.0,moderate,18.490499999999997
2024-05-03 10:00:00+00:00,,,,,108.0,112.0,moderate,16.621499999999997
2024-05-03 11:00:00+00:00,,,,,106.0,113.0,moderate,16.558500000000002
2024-05-03 12:00:00+00:00,,,,,107.5,110.0,moderate,13.902000000000001
2024-05-03 13:00:00+00:00,,,,,108.0,109.5,low,13.167
2024-05-03 14:00:00+00:00,,,,,108.0,120.0,moderate,13.356
2024-05-03 15:00:00+00:00,,,,,122.0,135.0,moderate,26.88
2024-05-03 16:00:00+00:00,,,,,135.5,142.5,moderate,28.9695
2024-05-03 17:00:00+00:00,,,,,147.5,142.5,moderate,30.323999999999998
2024-05-03 18:00:00+00:00,,,,,135.0,150.0,moderate,18.322499999999998
2024-05-03 19:00:00+00:00,,,,,146.0,149.5,moderate,18.112499999999997
2024-05-03 20:00:00+00:00,,,,,138.5,147.5,moderate,15.708
2024-05-03 21:00:00+00:00,,,,,142.0,127.0,moderate,14.9835
2024-05-03 22:00:00+00:00,,,,,140.0,107.5,low,15.015
2024-05-03 23:00:00+00:00,,,,,118.5,106.5,low,13.1775
2024-05-04 00:00:00+00:00,,,,,116.0,108.5,low,13.5765
2024-05-04 01:00:00+00:00,,,,,112.0,109.0,low,13.524000000000001
2024-05-04 02:00:00+00:00,,,,,114.0,113.0,moderate,13.345500000000001
2024-05-04 03:00:00+00:00,,,,,120.0,114.5,moderate,13.471499999999999
2024-05-04 04:00:00+00:00,,,,,120.0,112.5,moderate,13.524000000000001
2024-05-04 05:00:00+00:00,,,,,116.0,117.0,moderate,14.49
2024-05-04 06:00:00+00:00,,,,,117.5,124.5,moderate,14.2905
2024-05-04 07:00:00+00:00,,,,,117.5,126.5,moderate,13.565999999999999
2024-05-04 08:00:00+00:00,,,,,113.0,114.0,moderate,16.8
2024-05-04 09:00:00+00:00,,,,,102.5,107.0,low,15.96
2024-05-04 10:00:00+00:00,,,,,98.5,101.5,low,15.855
2024-05-04 11:00:00+00:00,,,,,93.5,98.5,low,13.923
2024-05-04 12:00:00+00:00,,,,,95.0,97.0,low,13.1775
2024-05-04 13:00:00+00:00,,,,,99.5,104.5,low,13.314
2024-05-04 14:00:00+00:00,,,,,105.5,118.5,moderate,13.2405
2024-05-04 15:00:00+00:00,,,,,122.0,141.0,moderate,25.9245
2024-05-04 16:00:00+00:00,,,,,151.0,160.0,moderate,29.778
2024-05-04 17:00:00+00:00,,,,,173.0,171.0,moderate,32.665499999999994
2024-05-04 18:00:00+00:00,,,,,182.5,183.0,moderate,20.7165
2024-05-04 19:00:00+00:00,,,,,188.0,189.0,moderate,18.5955
2024-05-04 20:00:00+00:00,,,,,188.5,190.0,high,17.5245
2024-05-04 21:00:00+00:00,,,,,192.5,174.0,moderate,14.1015
2024-05-04 22:00:00+00:00,,,,,183.5,158.5,moderate,18.354
2024-05-04 23:00:00+00:00,,,,,180.5,153.5,moderate,16.9785
2024-05-05 00:00:00+00:00,,,,,159.0,159.5,moderate,15.96
2024-05-05 01:00:00+00:00,,,,,166.5,161.5,moderate,15.666
2024-05-05 02:00:00+00:00,,,,,166.5,160.0,moderate,14.616
2024-05-05 03:00:00+00:00,,,,,166.0,156.5,moderate,15.078
2024-05-05 04:00:00+00:00,,,,,164.5,162.5,moderate,13.503
2024-05-05 05:00:00+00:00,,,,,170.5,168.0,moderate,13.503
2024-05-05 06:00:00+00:00,,,,,171.5,165.5,moderate,14.343
2024-05-05 07:00:00+00:00,,,,,166.5,151.5,moderate,14.175
2024-05-05 08:00:00+00:00,,,,,150.0,139.5,moderate,16.432499999999997
2024-05-05 09:00:00+00:00,,,,,138.5,131.5,moderate,16.317
2024-05-05 10:00:00+00:00,,,,,133.0,129.5,moderate,15.666
2024-05-05 11:00:00+00:00,,,,,131.5,130.5,moderate,16.3065
2024-05-05 12:00:00+00:00,,,,,134.0,136.0,moderate,16.1175
2024-05-05 13:00:00+00:00,,,,,136.5,144.0,moderate,15.776250000000001
2024-05-05 14:00:00+00:00,,,,,143.0,160.0,moderate,16.17
2024-05-05 15:00:00+00:00,,,,,166.0,180.0,moderate,28.917
2024-05-05 16:00:00+00:00,,,,,186.0,188.5,moderate,29.5785
2024-05-05 17:00:00+00:00,,,,,200.0,194.0,high,30.9645
2024-05-05 18:00:00+00:00,,,,,201.5,200.0,high,18.438
2024-05-05 19:00:00+00:00,,,,,205.5,202.0,high,17.997
2024-05-05 20:00:00+00:00,,,,,201.0,197.0,high,18.144
2024-05-05 21:00:00+00:00,,,,,201.0,171.5,moderate,15.403500000000001
2024-05-05 22:00:00+00:00,,,,,177.5,156.0,moderate,16.0545
2024-05-05 23:00:00+00:00,,,,,171.0,157.0,moderate,15.959999999999999
2024-05-06 00:00:00+00:00,,,,,163.5,166.0,moderate,16.254
2024-05-06 01:00:00+00:00,,,,,174.0,164.0,moderate,15.697500000000002
2024-05-06 02:00:00+00:00,,,,,172.5,164.5,moderate,14.826
2024-05-06 03:00:00+00:00,,,,,178.0,171.5,moderate,15.0885
2024-05-06 04:00:00+00:00,,,,,180.5,171.0,moderate,19.4985
2024-05-06 05:00:00+00:00,,,,,176.5,166.0,moderate,19.8765
2024-05-06 06:00:00+00:00,,,,,168.5,162.0,moderate,17.892000000000003
2024-05-06 07:00:00+00:00,,,,,164.0,156.5,moderate,16.023
2024-05-06 08:00:00+00:00,,,,,155.5,146.5,moderate,15.33
2024-05-06 09:00:00+00:00,,,,,145.5,140.0,moderate,15.434999999999999
2024-05-06 10:00:00+00:00,,,,,141.0,134.5,moderate,13.849499999999999
2024-05-06 11:00:00+00:00,,,,,135.5,131.0,moderate,14.122499999999999
2024-05-06 12:00:00+00:00,,,,,131.0,131.0,moderate,13.943999999999999
2024-05-06 13:00:00+00:00,,,,,130.0,132.0,moderate,14.511
2024-05-06 14:00:00+00:00,,,,,136.0,148.0,moderate,14.4795
2024-05-06 15:00:00+00:00,,,,,156.5,170.0,moderate,28.287
2024-05-06 16:00:00+00:00,,,,,179.0,177.5,moderate,31.395
2024-05-06 17:00:00+00:00,,,,,179.5,186.5,moderate,32.718
2024-05-06 18:00:00+00:00,,,,,189.5,192.5,high,20.4225
2024-05-06 19:00:00+00:00,,,,,197.0,192.0,high,19.152
2024-05-06 20:00:00+00:00,,,,,190.5,185.0,moderate,18.6585
2024-05-06 21:00:00+00:00,,,,,176.0,171.0,moderate,16.905
2024-05-06 22:00:00+00:00,,,,,166.5,156.5,moderate,15.12
2024-05-06 23:00:00+00:00,,,,,167.5,155.5,moderate,14.3535
2024-05-07 00:00:00+00:00,,,,,159.0,157.0,moderate,14.112
2024-05-07 01:00:00+00:00,,,,,159.5,159.0,moderate,14.28
2024-05-07 02:00:00+00:00,,,,,166.5,162.0,moderate,13.7865
2024-05-07 03:00:00+00:00,,,,,169.0,171.0,moderate,14.175
2024-05-07 04:00:00+00:00,,,,,176.5,189.5,moderate,14.8995
2024-05-07 05:00:00+00:00,,,,,207.5,191.0,high,19.761
2024-05-07 06:00:00+00:00,,,,,192.0,178.5,moderate,21.882
2024-05-07 07:00:00+00:00,,,,,177.5,164.0,moderate,18.7215
2024-05-07 08:00:00+00:00,,,,,164.5,151.0,moderate,18.1545
2024-05-07 09:00:00+00:00,,,,,153.0,141.0,moderate,14.868
2024-05-07 10:00:00+00:00,,,,,144.0,137.0,moderate,13.524000000000001
2024-05-07 11:00:00+00:00,,,,,141.5,132.0,moderate,13.734
2024-05-07 12:00:00+00:00,,,,,126.5,131.0,moderate,13.335
2024-05-07 13:00:00+00:00,,,,,132.0,133.0,moderate,13.125
2024-05-07 14:00:00+00:00,,,,,145.0,150.0,moderate,13.608
2024-05-07 15:00:00+00:00,,,,,165.5,172.5,moderate,27.72
2024-05-07 16:00:00+00:00,,,,,171.0,187.0,moderate,30.1035
2024-05-07 17:00:00+00:00,,,,,185.0,195.5,high,31.899
2024-05-07 18:00:00+00:00,,,,,203.5,202.5,high,19.467
2024-05-07 19:00:00+00:00,,,,,205.5,209.0,high,19.656
2024-05-07 20:00:00+00:00,,,,,212.5,200.0,high,17.493000000000002
2024-05-07 21:00:00+00:00,,,,,202.0,179.0,moderate,16.842
2024-05-07 22:00:00+00:00,,,,,180.5,162.5,moderate,15.959999999999999
2024-05-07 23:00:00+00:00,,,,,167.5,160.5,moderate,14.4375
2024-05-08 00:00:00+00:00,,,,,162.5,159.5,moderate,13.776
2024-05-08 01:00:00+00:00,,,,,164.5,159.5,moderate,13.671
2024-05-08 02:00:00+00:00,,,,,164.0,163.0,moderate,13.649999999999999
2024-05-08 03:00:00+00:00,,,,,169.0,177.0,moderate,13.9125
2024-05-08 04:00:00+00:00,,,,,183.5,193.5,moderate,13.671
2024-05-08 05:00:00+00:00,,,,,208.0,201.5,high,18.689999999999998
2024-05-08 06:00:00+00:00,,,,,204.5,195.5,high,20.034
2024-05-08 07:00:00+00:00,,,,,195.0,178.5,moderate,18.228
2024-05-08 08:00:00+00:00,,,,,174.5,152.5,moderate,15.4875
2024-05-08 09:00:00+00:00,,,,,145.5,115.5,moderate,14.35875
2024-05-08 10:00:00+00:00,,,,,114.5,96.0,low,13.3455
2024-05-08 11:00:00+00:00,,,,,95.5,92.5,low,13.398
2024-05-08 12:00:00+00:00,,,,,94.0,89.0,low,13.02
2024-05-08 13:00:00+00:00,,,,,89.0,91.5,low,12.73125
2024-05-08 14:00:00+00:00,,,,,96.0,108.0,low,12.852
2024-05-08 15:00:00+00:00,,,,,115.5,141.5,moderate,26.2605
2024-05-08 16:00:00+00:00,,,,,151.0,164.5,moderate,29.168999999999997
2024-05-08 17:00:00+00:00,,,,,176.0,175.0,moderate,31.447499999999998
2024-05-08 18:00:00+00:00,,,,,178.5,182.5,moderate,19.167749999999998
2024-05-08 19:00:00+00:00,,,,,182.0,182.0,moderate,18.921
2024-05-08 20:00:00+00:00,,,,,177.0,166.0,moderate,15.75
2024-05-08 21:00:00+00:00,,,,,172.5,138.5,moderate,14.395499999999998
2024-05-08 22:00:00+00:00,,,,,156.5,121.0,moderate,13.482
2024-05-08 23:00:00+00:00,,,,,125.5,114.0,moderate,13.3875
2024-05-09 00:00:00+00:00,,,,,124.0,111.0,moderate,12.967500000000001
2024-05-09 01:00:00+00:00,,,,,115.0,110.0,low,12.9885
2024-05-09 02:00:00+00:00,,,,,118.0,110.0,moderate,12.6
2024-05-09 03:00:00+00:00,,,,,119.0,112.5,moderate,12.6
2024-05-09 04:00:00+00:00,,,,,120.0,118.0,moderate,13.44
2024-05-09 05:00:00+00:00,,,,,128.5,141.0,moderate,14.364
2024-05-09 06:00:00+00:00,,,,,145.5,148.5,moderate,16.38
2024-05-09 07:00:00+00:00,,,,,146.0,138.5,moderate,17.829
2024-05-09 08:00:00+00:00,,,,,134.5,117.5,moderate,16.254
2024-05-09 09:00:00+00:00,,,,,118.0,104.5,low,13.23
2024-05-09 10:00:00+00:00,,,,,107.0,99.5,low,12.5265
2024-05-09 11:00:00+00:00,,,,,102.0,96.0,low,13.44
2024-05-09 12:00:00+00:00,,,,,100.0,95.5,low,13.02
2024-05-09 13:00:00+00:00,,,,,101.5,102.0,low,12.6735
2024-05-09 14:00:00+00:00,,,,,109.5,120.0,moderate,13.65
2024-05-09 15:00:00+00:00,,,,,132.0,150.5,moderate,28.665
2024-05-09 16:00:00+00:00,,,,,153.0,175.0,moderate,28.560000000000002
2024-05-09 17:00:00+00:00,,,,,184.0,192.0,moderate,31.1325
2024-05-09 18:00:00+00:00,,,,,194.0,201.0,high,20.16
2024-05-09 19:00:00+00:00,,,,,207.0,207.0,high,19.404
2024-05-09 20:00:00+00:00,,,,,211.5,208.0,high,17.6715
2024-05-09 21:00:00+00:00,,,,,210.0,197.5,high,14.91
2024-05-09 22:00:00+00:00,,,,,194.5,183.5,moderate,16.9575
2024-05-09 23:00:00+00:00,,,,,186.5,174.0,moderate,14.694749999999999
2024-05-10 00:00:00+00:00,,,,,177.5,171.5,moderate,13.649999999999999
2024-05-10 01:00:00+00:00,,,,,177.0,170.5,moderate,13.44
2024-05-10 02:00:00+00:00,,,,,176.0,173.5,moderate,13.44
2024-05-10 03:00:00+00:00,,,,,176.5,176.0,moderate,13.44
2024-05-10 04:00:00+00:00,,,,,182.0,181.0,moderate,13.807500000000001
2024-05-10 05:00:00+00:00,,,,,193.5,186.0,moderate,18.4485
2024-05-10 06:00:00+00:00,,,,,199.0,181.5,moderate,17.85
2024-05-10 07:00:00+00:00,,,,,183.5,169.0,moderate,18.689999999999998
2024-05-10 08:00:00+00:00,,,,,172.5,150.0,moderate,17.22
2024-05-10 09:00:00+00:00,,,,,152.0,133.5,moderate,15.65025
2024-05-10 10:00:00+00:00,,,,,136.0,119.5,moderate,13.37175
2024-05-10 11:00:00+00:00,,,,,125.5,106.5,moderate,13.02
2024-05-10 12:00:00+00:00,,,,,107.0,100.0,low,13.335
2024-05-10 13:00:00+00:00,,,,,105.0,99.5,low,13.02
2024-05-10 14:00:00+00:00,,,,,106.0,108.5,low,13.335
2024-05-10 15:00:00+00:00,,,,,119.5,129.0,moderate,25.83
2024-05-10 16:00:00+00:00,,,,,139.0,149.5,moderate,28.1085
2024-05-10 17:00:00+00:00,,,,,158.5,163.0,moderate,31.584000000000003
2024-05-10 18:00:00+00:00,,,,,173.0,177.0,moderate,19.908
2024-05-10 19:00:00+00:00,,,,,177.5,184.0,moderate,19.31475
2024-05-10 20:00:00+00:00,,,,,180.5,189.0,moderate,18.060000000000002
2024-05-10 21:00:00+00:00,,,,,162.5,172.5,moderate,15.015
2024-05-10 22:00:00+00:00,,,,,168.5,149.5,moderate,16.296
2024-05-10 23:00:00+00:00,,,,,182.0,146.0,moderate,15.9705
2024-05-11 00:00:00+00:00,,,,,144.0,140.0,moderate,14.931000000000001
2024-05-11 01:00:00+00:00,,,,,139.0,125.0,moderate,14.89425
2024-05-11 02:00:00+00:00,,,,,137.5,117.5,moderate,15.456
2024-05-11 03:00:00+00:00,,,,,136.0,115.5,moderate,14.448
2024-05-11 04:00:00+00:00,,,,,133.5,118.0,moderate,15.498
2024-05-11 05:00:00+00:00,,,,,127.5,126.5,moderate,13.839
2024-05-11 06:00:00+00:00,,,,,114.5,128.0,moderate,13.7445
2024-05-11 07:00:00+00:00,,,,,103.0,119.0,moderate,15.120000000000001
2024-05-11 08:00:00+00:00,,,,,92.0,101.5,low,14.395499999999998
2024-05-11 09:00:00+00:00,,,,,85.5,81.5,low,13.965
2024-05-11 10:00:00+00:00,,,,,76.5,64.0,low,14.43225
2024-05-11 11:00:00+00:00,,,,,75.5,52.5,low,12.915
2024-05-11 12:00:00+00:00,,,,,76.5,51.0,low,10.4055
2024-05-11 13:00:00+00:00,,,,,76.5,50.0,low,9.324
2024-05-11 14:00:00+00:00,,,,,83.0,47.5,low,10.08
2024-05-11 15:00:00+00:00,,,,,88.5,59.5,low,24.4545
2024-05-11 16:00:00+00:00,,,,,93.0,82.5,low,27.509999999999998
2024-05-11 17:00:00+00:00,,,,,97.5,103.5,low,29.546999999999997
2024-05-11 18:00:00+00:00,,,,,105.5,108.0,moderate,19.005000000000003
2024-05-11 19:00:00+00:00,,,,,110.5,103.5,low,16.884
2024-05-11 20:00:00+00:00,,,,,110.5,92.5,low,14.52675
2024-05-11 21:00:00+00:00,,,,,99.5,78.0,low,14.6685
2024-05-11 22:00:00+00:00,,,,,85.0,78.5,low,10.08
2024-05-11 23:00:00+00:00,,,,,80.0,78.0,low,4.977
2024-05-12 00:00:00+00:00,,,,,76.5,77.5,low,3.465
2024-05-12 01:00:00+00:00,,,,,79.0,72.5,low,4.683
2024-05-12 02:00:00+00:00,,,,,77.0,66.5,low,4.6305
2024-05-12 03:00:00+00:00,,,,,72.0,70.5,low,6.0585
2024-05-12 04:00:00+00:00,,,,,72.0,77.0,low,0.4725
2024-05-12 05:00:00+00:00,,,,,80.0,78.5,low,3.738
2024-05-12 06:00:00+00:00,,,,,79.0,79.5,low,4.872
2024-05-12 07:00:00+00:00,,,,,79.5,73.0,low,5.984999999999999
2024-05-12 08:00:00+00:00,,,,,72.0,58.0,low,6.069
2024-05-12 09:00:00+00:00,,,,,55.0,46.5,low,6.09
2024-05-12 10:00:00+00:00,,,,,42.5,40.5,low,3.801
2024-05-12 11:00:00+00:00,,,,,39.5,41.0,low,2.5515
2024-05-12 12:00:00+00:00,,,,,41.5,36.0,low,1.47
2024-05-12 13:00:00+00:00,,,,,38.0,44.5,low,1.05
2024-05-12 14:00:00+00:00,,,,,44.5,55.5,low,5.034750000000001
2024-05-12 15:00:00+00:00,,,,,54.0,73.5,low,23.52
2024-05-12 16:00:00+00:00,,,,,76.5,89.0,low,26.25
2024-05-12 17:00:00+00:00,,,,,99.0,112.5,low,29.421
2024-05-12 18:00:00+00:00,,,,,115.5,123.5,moderate,16.863
2024-05-12 19:00:00+00:00,,,,,123.0,126.0,moderate,16.842
2024-05-12 20:00:00+00:00,,,,,126.5,118.0,moderate,17.892000000000003
2024-05-12 21:00:00+00:00,,,,,127.5,108.5,moderate,14.594999999999999
2024-05-12 22:00:00+00:00,,,,,103.0,86.5,low,10.6785
2024-05-12 23:00:00+00:00,,,,,100.0,91.0,low,10.657499999999999
2024-05-13 00:00:00+00:00,,,,,94.0,85.5,low,9.050999999999998
2024-05-13 01:00:00+00:00,,,,,87.0,90.5,low,8.6205
2024-05-13 02:00:00+00:00,,,,,89.5,101.0,low,8.8515
2024-05-13 03:00:00+00:00,,,,,101.0,103.0,low,9.87
2024-05-13 04:00:00+00:00,,,,,108.5,110.5,low,12.915
2024-05-13 05:00:00+00:00,,,,,106.5,131.5,moderate,15.666
2024-05-13 06:00:00+00:00,,,,,125.5,146.5,moderate,15.723749999999999
2024-05-13 07:00:00+00:00,,,,,132.0,145.0,moderate,15.75
2024-05-13 08:00:00+00:00,,,,,129.0,137.0,moderate,16.086
2024-05-13 09:00:00+00:00,,,,,119.5,124.5,moderate,15.1935
2024-05-13 10:00:00+00:00,,,,,134.0,116.0,moderate,15.771
2024-05-13 11:00:00+00:00,,,,,109.0,108.0,moderate,14.91
2024-05-13 12:00:00+00:00,,,,,104.0,100.0,low,13.471499999999999
2024-05-13 13:00:00+00:00,,,,,95.5,95.5,low,11.109
2024-05-13 14:00:00+00:00,,,,,97.0,96.5,low,11.466000000000001
2024-05-13 15:00:00+00:00,,,,,98.5,107.0,low,25.095
2024-05-13 16:00:00+00:00,,,,,109.0,114.5,moderate,28.392
2024-05-13 17:00:00+00:00,,,,,111.0,121.5,moderate,32.03025
2024-05-13 18:00:00+00:00,,,,,113.0,121.5,moderate,18.942
2024-05-13 19:00:00+00:00,,,,,116.0,120.0,moderate,16.81575
2024-05-13 20:00:00+00:00,,,,,114.5,109.5,moderate,13.9755
2024-05-13 21:00:00+00:00,,,,,117.0,94.0,low,11.76
2024-05-13 22:00:00+00:00,,,,,92.0,81.5,low,11.224499999999999
2024-05-13 23:00:00+00:00,,,,,92.0,78.0,low,9.576
2024-05-14 00:00:00+00:00,,,,,78.5,71.0,low,8.2845
2024-05-14 01:00:00+00:00,,,,,72.0,70.0,low,7.77
2024-05-14 02:00:00+00:00,,,,,69.0,68.0,low,7.3815
2024-05-14 03:00:00+00:00,,,,,70.5,62.0,low,7.896
2024-05-14 04:00:00+00:00,,,,,72.5,80.0,low,10.983
2024-05-14 05:00:00+00:00,,,,,71.5,107.0,low,14.0805
2024-05-14 06:00:00+00:00,,,,,91.5,126.5,moderate,14.07
2024-05-14 07:00:00+00:00,,,,,121.5,136.0,moderate,17.43
2024-05-14 08:00:00+00:00,,,,,124.0,139.0,moderate,17.4405
2024-05-14 09:00:00+00:00,,,,,123.5,136.5,moderate,17.745
2024-05-14 10:00:00+00:00,,,,,115.5,133.5,moderate,16.59
2024-05-14 11:00:00+00:00,,,,,122.5,129.0,moderate,16.421999999999997
2024-05-14 12:00:00+00:00,,,,,122.0,124.5,moderate,13.3245
2024-05-14 13:00:00+00:00,,,,,120.5,130.0,moderate,12.495000000000001
2024-05-14 14:00:00+00:00,,,,,123.5,144.0,moderate,12.3795
2024-05-14 15:00:00+00:00,,,,,153.5,160.5,moderate,26.7855
2024-05-14 16:00:00+00:00,,,,,165.5,174.0,moderate,29.316
2024-05-14 17:00:00+00:00,,,,,179.0,186.0,moderate,32.13
2024-05-14 18:00:00+00:00,,,,,184.0,188.0,high,20.79
2024-05-14 19:00:00+00:00,,,,,178.5,184.0,moderate,19.11
2024-05-14 20:00:00+00:00,,,,,167.5,169.5,moderate,16.485
2024-05-14 21:00:00+00:00,,,,,157.0,139.5,moderate,14.07
2024-05-14 22:00:00+00:00,,,,,154.5,115.0,moderate,15.329999999999998
2024-05-14 23:00:00+00:00,,,,,132.0,121.0,moderate,14.1645
2024-05-15 00:00:00+00:00,,,,,127.0,123.0,moderate,13.649999999999999
2024-05-15 01:00:00+00:00,,,,,124.5,123.0,moderate,13.314
2024-05-15 02:00:00+00:00,,,,,124.0,126.5,moderate,12.526499999999999
2024-05-15 03:00:00+00:00,,,,,128.5,140.5,moderate,13.44
2024-05-15 04:00:00+00:00,,,,,124.0,166.0,moderate,14.1645
2024-05-15 05:00:00+00:00,,,,,178.5,188.5,moderate,15.225
2024-05-15 06:00:00+00:00,,,,,197.0,193.0,high,16.3275
2024-05-15 07:00:00+00:00,,,,,187.0,188.5,high,17.387999999999998
2024-05-15 08:00:00+00:00,,,,,183.5,174.0,moderate,17.387999999999998
2024-05-15 09:00:00+00:00,,,,,169.5,170.5,moderate,16.631999999999998
2024-05-15 10:00:00+00:00,,,,,164.5,161.5,moderate,15.708
2024-05-15 11:00:00+00:00,,,,,160.5,155.0,moderate,14.616
2024-05-15 12:00:00+00:00,,,,,144.0,150.0,moderate,12.81
2024-05-15 13:00:00+00:00,,,,,146.5,156.5,moderate,13.146
2024-05-15 14:00:00+00:00,,,,,156.0,158.0,moderate,13.125
2024-05-15 15:00:00+00:00,,,,,169.5,168.0,moderate,26.302500000000002
2024-05-15 16:00:00+00:00,,,,,177.5,174.5,moderate,28.355249999999998
2024-05-15 17:00:00+00:00,,,,,183.5,186.0,moderate,30.639
2024-05-15 18:00:00+00:00,,,,,186.5,191.0,high,19.677
2024-05-15 19:00:00+00:00,,,,,189.0,194.5,high,18.375
2024-05-15 20:00:00+00:00,,,,,188.0,190.0,high,15.309000000000001
2024-05-15 21:00:00+00:00,,,,,173.0,185.5,moderate,15.0465
2024-05-15 22:00:00+00:00,,,,,156.5,180.0,moderate,15.534749999999999
2024-05-15 23:00:00+00:00,,,,,156.5,180.0,moderate,15.434999999999999
