carbon_intensity_forecast,carbon_intensity_actual,carbon_intensity_index,time
70,65,low,2024-04-02 23:00:00+00:00
68,67,low,2024-04-02 23:30:00+00:00
68,69,low,2024-04-03 00:00:00+00:00
70,69,low,2024-04-03 00:30:00+00:00
71,68,low,2024-04-03 01:00:00+00:00
71,69,low,2024-04-03 01:30:00+00:00
70,69,low,2024-04-03 02:00:00+00:00
79,67,low,2024-04-03 02:30:00+00:00
72,66,low,2024-04-03 03:00:00+00:00
73,63,low,2024-04-03 03:30:00+00:00
67,70,low,2024-04-03 04:00:00+00:00
62,77,low,2024-04-03 04:30:00+00:00
67,98,low,2024-04-03 05:00:00+00:00
70,111,moderate,2024-04-03 05:30:00+00:00
95,112,moderate,2024-04-03 06:00:00+00:00
113,109,low,2024-04-03 06:30:00+00:00
111,104,low,2024-04-03 07:00:00+00:00
103,103,low,2024-04-03 07:30:00+00:00
99,100,low,2024-04-03 08:00:00+00:00
101,96,low,2024-04-03 08:30:00+00:00
93,92,low,2024-04-03 09:00:00+00:00
87,84,low,2024-04-03 09:30:00+00:00
94,81,low,2024-04-03 10:00:00+00:00
84,78,low,2024-04-03 10:30:00+00:00
83,74,low,2024-04-03 11:00:00+00:00
81,68,low,2024-04-03 11:30:00+00:00
78,59,low,2024-04-03 12:00:00+00:00
72,60,low,2024-04-03 12:30:00+00:00
62,64,low,2024-04-03 13:00:00+00:00
61,66,low,2024-04-03 13:30:00+00:00
100,64,low,2024-04-03 14:00:00+00:00
67,62,low,2024-04-03 14:30:00+00:00
71,64,low,2024-04-03 15:00:00+00:00
66,62,low,2024-04-03 15:30:00+00:00
72,65,low,2024-04-03 16:00:00+00:00
72,62,low,2024-04-03 16:30:00+00:00
72,71,low,2024-04-03 17:00:00+00:00
68,79,low,2024-04-03 17:30:00+00:00
71,85,low,2024-04-03 18:00:00+00:00
83,85,low,2024-04-03 18:30:00+00:00
89,82,low,2024-04-03 19:00:00+00:00
88,76,low,2024-04-03 19:30:00+00:00
89,73,low,2024-04-03 20:00:00+00:00
79,65,low,2024-04-03 20:30:00+00:00
73,59,low,2024-04-03 21:00:00+00:00
71,61,low,2024-04-03 21:30:00+00:00
78,56,low,2024-04-03 22:00:00+00:00
85,57,low,2024-04-03 22:30:00+00:00
64,57,low,2024-04-03 23:00:00+00:00
60,59,low,2024-04-03 23:30:00+00:00
61,66,low,2024-04-04 00:00:00+00:00
61,60,low,2024-04-04 00:30:00+00:00
70,57,low,2024-04-04 01:00:00+00:00
64,57,low,2024-04-04 01:30:00+00:00
60,57,low,2024-04-04 02:00:00+00:00
60,60,low,2024-04-04 02:30:00+00:00
59,62,low,2024-04-04 03:00:00+00:00
60,67,low,2024-04-04 03:30:00+00:00
60,77,low,2024-04-04 04:00:00+00:00
64,104,low,2024-04-04 04:30:00+00:00
80,127,moderate,2024-04-04 05:00:00+00:00
118,142,moderate,2024-04-04 05:30:00+00:00
142,152,moderate,2024-04-04 06:00:00+00:00
147,147,moderate,2024-04-04 06:30:00+00:00
156,144,moderate,2024-04-04 07:00:00+00:00
151,139,moderate,2024-04-04 07:30:00+00:00
133,133,moderate,2024-04-04 08:00:00+00:00
137,131,moderate,2024-04-04 08:30:00+00:00
130,129,moderate,2024-04-04 09:00:00+00:00
130,130,moderate,2024-04-04 09:30:00+00:00
131,132,moderate,2024-04-04 10:00:00+00:00
136,133,moderate,2024-04-04 10:30:00+00:00
134,132,moderate,2024-04-04 11:00:00+00:00
140,126,moderate,2024-04-04 11:30:00+00:00
136,126,moderate,2024-04-04 12:00:00+00:00
131,128,moderate,2024-04-04 12:30:00+00:00
131,132,moderate,2024-04-04 13:00:00+00:00
137,135,moderate,2024-04-04 13:30:00+00:00
143,142,moderate,2024-04-04 14:00:00+00:00
153,150,moderate,2024-04-04 14:30:00+00:00
156,155,moderate,2024-04-04 15:00:00+00:00
163,158,moderate,2024-04-04 15:30:00+00:00
146,159,moderate,2024-04-04 16:00:00+00:00
162,161,moderate,2024-04-04 16:30:00+00:00
144,163,moderate,2024-04-04 17:00:00+00:00
166,166,moderate,2024-04-04 17:30:00+00:00
164,159,moderate,2024-04-04 18:00:00+00:00
168,150,moderate,2024-04-04 18:30:00+00:00
158,140,moderate,2024-04-04 19:00:00+00:00
145,119,moderate,2024-04-04 19:30:00+00:00
118,100,low,2024-04-04 20:00:00+00:00
107,82,low,2024-04-04 20:30:00+00:00
95,70,low,2024-04-04 21:00:00+00:00
86,64,low,2024-04-04 21:30:00+00:00
71,58,low,2024-04-04 22:00:00+00:00
80,61,low,2024-04-04 22:30:00+00:00
75,54,low,2024-04-04 23:00:00+00:00
67,58,low,2024-04-04 23:30:00+00:00
57,55,low,2024-04-05 00:00:00+00:00
62,54,low,2024-04-05 00:30:00+00:00
57,48,low,2024-04-05 01:00:00+00:00
54,48,low,2024-04-05 01:30:00+00:00
55,49,low,2024-04-05 02:00:00+00:00
52,50,low,2024-04-05 02:30:00+00:00
50,48,low,2024-04-05 03:00:00+00:00
50,47,low,2024-04-05 03:30:00+00:00
48,47,low,2024-04-05 04:00:00+00:00
44,46,low,2024-04-05 04:30:00+00:00
47,50,low,2024-04-05 05:00:00+00:00
47,50,low,2024-04-05 05:30:00+00:00
44,53,low,2024-04-05 06:00:00+00:00
45,48,low,2024-04-05 06:30:00+00:00
47,48,low,2024-04-05 07:00:00+00:00
44,42,low,2024-04-05 07:30:00+00:00
41,37,low,2024-04-05 08:00:00+00:00
43,28,very low,2024-04-05 08:30:00+00:00
47,27,very low,2024-04-05 09:00:00+00:00
26,25,very low,2024-04-05 09:30:00+00:00
30,26,very low,2024-04-05 10:00:00+00:00
25,25,very low,2024-04-05 10:30:00+00:00
25,22,very low,2024-04-05 11:00:00+00:00
27,22,very low,2024-04-05 11:30:00+00:00
22,21,very low,2024-04-05 12:00:00+00:00
22,23,very low,2024-04-05 12:30:00+00:00
23,23,very low,2024-04-05 13:00:00+00:00
22,22,very low,2024-04-05 13:30:00+00:00
22,22,very low,2024-04-05 14:00:00+00:00
22,23,very low,2024-04-05 14:30:00+00:00
22,24,very low,2024-04-05 15:00:00+00:00
22,26,very low,2024-04-05 15:30:00+00:00
24,30,very low,2024-04-05 16:00:00+00:00
27,34,very low,2024-04-05 16:30:00+00:00
34,35,low,2024-04-05 17:00:00+00:00
35,35,low,2024-04-05 17:30:00+00:00
36,39,low,2024-04-05 18:00:00+00:00
34,41,low,2024-04-05 18:30:00+00:00
38,36,low,2024-04-05 19:00:00+00:00
41,39,low,2024-04-05 19:30:00+00:00
43,41,low,2024-04-05 20:00:00+00:00
39,44,low,2024-04-05 20:30:00+00:00
43,41,low,2024-04-05 21:00:00+00:00
45,50,low,2024-04-05 21:30:00+00:00
50,47,low,2024-04-05 22:00:00+00:00
50,48,low,2024-04-05 22:30:00+00:00
49,48,low,2024-04-05 23:00:00+00:00
52,47,low,2024-04-05 23:30:00+00:00
49,48,low,2024-04-06 00:00:00+00:00
47,46,low,2024-04-06 00:30:00+00:00
49,46,low,2024-04-06 01:00:00+00:00
48,46,low,2024-04-06 01:30:00+00:00
49,45,low,2024-04-06 02:00:00+00:00
49,46,low,2024-04-06 02:30:00+00:00
52,46,low,2024-04-06 03:00:00+00:00
53,46,low,2024-04-06 03:30:00+00:00
48,48,low,2024-04-06 04:00:00+00:00
48,44,low,2024-04-06 04:30:00+00:00
49,44,low,2024-04-06 05:00:00+00:00
47,40,low,2024-04-06 05:30:00+00:00
48,38,low,2024-04-06 06:00:00+00:00
50,36,low,2024-04-06 06:30:00+00:00
51,33,very low,2024-04-06 07:00:00+00:00
51,33,very low,2024-04-06 07:30:00+00:00
32,31,very low,2024-04-06 08:00:00+00:00
33,31,very low,2024-04-06 08:30:00+00:00
34,32,very low,2024-04-06 09:00:00+00:00
31,31,very low,2024-04-06 09:30:00+00:00
32,28,very low,2024-04-06 10:00:00+00:00
32,27,very low,2024-04-06 10:30:00+00:00
30,27,very low,2024-04-06 11:00:00+00:00
28,27,very low,2024-04-06 11:30:00+00:00
28,25,very low,2024-04-06 12:00:00+00:00
29,25,very low,2024-04-06 12:30:00+00:00
27,24,very low,2024-04-06 13:00:00+00:00
26,32,very low,2024-04-06 13:30:00+00:00
27,28,very low,2024-04-06 14:00:00+00:00
31,30,very low,2024-04-06 14:30:00+00:00
29,32,very low,2024-04-06 15:00:00+00:00
30,36,low,2024-04-06 15:30:00+00:00
33,41,low,2024-04-06 16:00:00+00:00
36,41,low,2024-04-06 16:30:00+00:00
42,43,low,2024-04-06 17:00:00+00:00
42,47,low,2024-04-06 17:30:00+00:00
43,48,low,2024-04-06 18:00:00+00:00
48,45,low,2024-04-06 18:30:00+00:00
50,45,low,2024-04-06 19:00:00+00:00
45,46,low,2024-04-06 19:30:00+00:00
51,46,low,2024-04-06 20:00:00+00:00
48,56,low,2024-04-06 20:30:00+00:00
48,51,low,2024-04-06 21:00:00+00:00
46,56,low,2024-04-06 21:30:00+00:00
50,51,low,2024-04-06 22:00:00+00:00
55,52,low,2024-04-06 22:30:00+00:00
49,49,low,2024-04-06 23:00:00+00:00
51,50,low,2024-04-06 23:30:00+00:00
49,50,low,2024-04-07 00:00:00+00:00
49,48,low,2024-04-07 00:30:00+00:00
46,47,low,2024-04-07 01:00:00+00:00
45,50,low,2024-04-07 01:30:00+00:00
44,49,low,2024-04-07 02:00:00+00:00
48,49,low,2024-04-07 02:30:00+00:00
47,50,low,2024-04-07 03:00:00+00:00
46,50,low,2024-04-07 03:30:00+00:00
47,53,low,2024-04-07 04:00:00+00:00
48,52,low,2024-04-07 04:30:00+00:00
49,54,low,2024-04-07 05:00:00+00:00
47,56,low,2024-04-07 05:30:00+00:00
49,53,low,2024-04-07 06:00:00+00:00
50,51,low,2024-04-07 06:30:00+00:00
48,46,low,2024-04-07 07:00:00+00:00
44,44,low,2024-04-07 07:30:00+00:00
38,43,low,2024-04-07 08:00:00+00:00
37,41,low,2024-04-07 08:30:00+00:00
36,40,low,2024-04-07 09:00:00+00:00
36,39,low,2024-04-07 09:30:00+00:00
35,38,low,2024-04-07 10:00:00+00:00
36,41,low,2024-04-07 10:30:00+00:00
31,42,low,2024-04-07 11:00:00+00:00
37,38,low,2024-04-07 11:30:00+00:00
41,38,low,2024-04-07 12:00:00+00:00
42,41,low,2024-04-07 12:30:00+00:00
38,42,low,2024-04-07 13:00:00+00:00
35,43,low,2024-04-07 13:30:00+00:00
35,40,low,2024-04-07 14:00:00+00:00
37,37,low,2024-04-07 14:30:00+00:00
38,41,low,2024-04-07 15:00:00+00:00
35,41,low,2024-04-07 15:30:00+00:00
38,50,low,2024-04-07 16:00:00+00:00
38,51,low,2024-04-07 16:30:00+00:00
46,55,low,2024-04-07 17:00:00+00:00
52,60,low,2024-04-07 17:30:00+00:00
55,62,low,2024-04-07 18:00:00+00:00
64,64,low,2024-04-07 18:30:00+00:00
63,61,low,2024-04-07 19:00:00+00:00
64,60,low,2024-04-07 19:30:00+00:00
61,62,low,2024-04-07 20:00:00+00:00
63,54,low,2024-04-07 20:30:00+00:00
69,48,low,2024-04-07 21:00:00+00:00
58,52,low,2024-04-07 21:30:00+00:00
65,49,low,2024-04-07 22:00:00+00:00
59,50,low,2024-04-07 22:30:00+00:00
56,51,low,2024-04-07 23:00:00+00:00
67,53,low,2024-04-07 23:30:00+00:00
55,57,low,2024-04-08 00:00:00+00:00
60,58,low,2024-04-08 00:30:00+00:00
67,61,low,2024-04-08 01:00:00+00:00
72,64,low,2024-04-08 01:30:00+00:00
63,66,low,2024-04-08 02:00:00+00:00
72,66,low,2024-04-08 02:30:00+00:00
68,68,low,2024-04-08 03:00:00+00:00
70,79,low,2024-04-08 03:30:00+00:00
70,90,low,2024-04-08 04:00:00+00:00
83,110,moderate,2024-04-08 04:30:00+00:00
95,123,moderate,2024-04-08 05:00:00+00:00
122,129,moderate,2024-04-08 05:30:00+00:00
136,140,moderate,2024-04-08 06:00:00+00:00
151,145,moderate,2024-04-08 06:30:00+00:00
153,147,moderate,2024-04-08 07:00:00+00:00
143,143,moderate,2024-04-08 07:30:00+00:00
147,138,moderate,2024-04-08 08:00:00+00:00
142,131,moderate,2024-04-08 08:30:00+00:00
137,128,moderate,2024-04-08 09:00:00+00:00
130,124,moderate,2024-04-08 09:30:00+00:00
129,118,moderate,2024-04-08 10:00:00+00:00
125,119,moderate,2024-04-08 10:30:00+00:00
124,112,moderate,2024-04-08 11:00:00+00:00
122,110,moderate,2024-04-08 11:30:00+00:00
116,111,moderate,2024-04-08 12:00:00+00:00
109,111,moderate,2024-04-08 12:30:00+00:00
113,109,low,2024-04-08 13:00:00+00:00
113,108,low,2024-04-08 13:30:00+00:00
118,120,moderate,2024-04-08 14:00:00+00:00
117,138,moderate,2024-04-08 14:30:00+00:00
127,151,moderate,2024-04-08 15:00:00+00:00
144,157,moderate,2024-04-08 15:30:00+00:00
157,163,moderate,2024-04-08 16:00:00+00:00
161,168,moderate,2024-04-08 16:30:00+00:00
163,173,moderate,2024-04-08 17:00:00+00:00
169,176,moderate,2024-04-08 17:30:00+00:00
166,178,moderate,2024-04-08 18:00:00+00:00
179,178,moderate,2024-04-08 18:30:00+00:00
176,174,moderate,2024-04-08 19:00:00+00:00
180,160,moderate,2024-04-08 19:30:00+00:00
174,149,moderate,2024-04-08 20:00:00+00:00
156,132,moderate,2024-04-08 20:30:00+00:00
143,105,low,2024-04-08 21:00:00+00:00
124,74,low,2024-04-08 21:30:00+00:00
112,63,low,2024-04-08 22:00:00+00:00
97,61,low,2024-04-08 22:30:00+00:00
95,60,low,2024-04-08 23:00:00+00:00
61,60,low,2024-04-08 23:30:00+00:00
59,59,low,2024-04-09 00:00:00+00:00
55,64,low,2024-04-09 00:30:00+00:00
55,65,low,2024-04-09 01:00:00+00:00
53,69,low,2024-04-09 01:30:00+00:00
61,66,low,2024-04-09 02:00:00+00:00
66,65,low,2024-04-09 02:30:00+00:00
63,62,low,2024-04-09 03:00:00+00:00
61,58,low,2024-04-09 03:30:00+00:00
58,57,low,2024-04-09 04:00:00+00:00
61,57,low,2024-04-09 04:30:00+00:00
58,60,low,2024-04-09 05:00:00+00:00
54,52,low,2024-04-09 05:30:00+00:00
56,47,low,2024-04-09 06:00:00+00:00
53,50,low,2024-04-09 06:30:00+00:00
43,48,low,2024-04-09 07:00:00+00:00
47,48,low,2024-04-09 07:30:00+00:00
47,47,low,2024-04-09 08:00:00+00:00
46,44,low,2024-04-09 08:30:00+00:00
43,42,low,2024-04-09 09:00:00+00:00
41,41,low,2024-04-09 09:30:00+00:00
43,38,low,2024-04-09 10:00:00+00:00
42,38,low,2024-04-09 10:30:00+00:00
40,37,low,2024-04-09 11:00:00+00:00
34,36,low,2024-04-09 11:30:00+00:00
32,34,very low,2024-04-09 12:00:00+00:00
33,35,low,2024-04-09 12:30:00+00:00
31,36,low,2024-04-09 13:00:00+00:00
31,35,low,2024-04-09 13:30:00+00:00
28,34,very low,2024-04-09 14:00:00+00:00
31,35,low,2024-04-09 14:30:00+00:00
33,32,very low,2024-04-09 15:00:00+00:00
33,32,very low,2024-04-09 15:30:00+00:00
31,33,very low,2024-04-09 16:00:00+00:00
30,36,low,2024-04-09 16:30:00+00:00
30,42,low,2024-04-09 17:00:00+00:00
37,43,low,2024-04-09 17:30:00+00:00
41,45,low,2024-04-09 18:00:00+00:00
42,44,low,2024-04-09 18:30:00+00:00
47,45,low,2024-04-09 19:00:00+00:00
48,46,low,2024-04-09 19:30:00+00:00
40,41,low,2024-04-09 20:00:00+00:00
42,42,low,2024-04-09 20:30:00+00:00
40,44,low,2024-04-09 21:00:00+00:00
37,56,low,2024-04-09 21:30:00+00:00
38,60,low,2024-04-09 22:00:00+00:00
48,68,low,2024-04-09 22:30:00+00:00
47,71,low,2024-04-09 23:00:00+00:00
61,66,low,2024-04-09 23:30:00+00:00
65,71,low,2024-04-10 00:00:00+00:00
66,64,low,2024-04-10 00:30:00+00:00
70,65,low,2024-04-10 01:00:00+00:00
63,63,low,2024-04-10 01:30:00+00:00
64,63,low,2024-04-10 02:00:00+00:00
65,62,low,2024-04-10 02:30:00+00:00
66,67,low,2024-04-10 03:00:00+00:00
65,77,low,2024-04-10 03:30:00+00:00
70,87,low,2024-04-10 04:00:00+00:00
83,112,moderate,2024-04-10 04:30:00+00:00
94,125,moderate,2024-04-10 05:00:00+00:00
118,125,moderate,2024-04-10 05:30:00+00:00
129,124,moderate,2024-04-10 06:00:00+00:00
129,115,moderate,2024-04-10 06:30:00+00:00
132,106,low,2024-04-10 07:00:00+00:00
133,110,moderate,2024-04-10 07:30:00+00:00
120,106,low,2024-04-10 08:00:00+00:00
92,96,low,2024-04-10 08:30:00+00:00
86,81,low,2024-04-10 09:00:00+00:00
76,70,low,2024-04-10 09:30:00+00:00
67,68,low,2024-04-10 10:00:00+00:00
53,59,low,2024-04-10 10:30:00+00:00
52,39,low,2024-04-10 11:00:00+00:00
43,35,low,2024-04-10 11:30:00+00:00
36,36,low,2024-04-10 12:00:00+00:00
34,37,low,2024-04-10 12:30:00+00:00
34,37,low,2024-04-10 13:00:00+00:00
37,39,low,2024-04-10 13:30:00+00:00
34,41,low,2024-04-10 14:00:00+00:00
33,38,low,2024-04-10 14:30:00+00:00
34,41,low,2024-04-10 15:00:00+00:00
36,45,low,2024-04-10 15:30:00+00:00
36,51,low,2024-04-10 16:00:00+00:00
45,56,low,2024-04-10 16:30:00+00:00
45,59,low,2024-04-10 17:00:00+00:00
46,61,low,2024-04-10 17:30:00+00:00
44,60,low,2024-04-10 18:00:00+00:00
58,62,low,2024-04-10 18:30:00+00:00
55,53,low,2024-04-10 19:00:00+00:00
51,53,low,2024-04-10 19:30:00+00:00
48,45,low,2024-04-10 20:00:00+00:00
48,58,low,2024-04-10 20:30:00+00:00
42,59,low,2024-04-10 21:00:00+00:00
41,53,low,2024-04-10 21:30:00+00:00
56,50,low,2024-04-10 22:00:00+00:00
55,54,low,2024-04-10 22:30:00+00:00
41,53,low,2024-04-10 23:00:00+00:00
50,50,low,2024-04-10 23:30:00+00:00
55,51,low,2024-04-11 00:00:00+00:00
43,47,low,2024-04-11 00:30:00+00:00
48,47,low,2024-04-11 01:00:00+00:00
45,54,low,2024-04-11 01:30:00+00:00
45,51,low,2024-04-11 02:00:00+00:00
53,48,low,2024-04-11 02:30:00+00:00
52,47,low,2024-04-11 03:00:00+00:00
49,48,low,2024-04-11 03:30:00+00:00
56,59,low,2024-04-11 04:00:00+00:00
50,62,low,2024-04-11 04:30:00+00:00
53,70,low,2024-04-11 05:00:00+00:00
63,71,low,2024-04-11 05:30:00+00:00
66,69,low,2024-04-11 06:00:00+00:00
67,59,low,2024-04-11 06:30:00+00:00
67,62,low,2024-04-11 07:00:00+00:00
66,72,low,2024-04-11 07:30:00+00:00
65,74,low,2024-04-11 08:00:00+00:00
64,64,low,2024-04-11 08:30:00+00:00
65,62,low,2024-04-11 09:00:00+00:00
67,67,low,2024-04-11 09:30:00+00:00
66,67,low,2024-04-11 10:00:00+00:00
70,64,low,2024-04-11 10:30:00+00:00
65,61,low,2024-04-11 11:00:00+00:00
59,56,low,2024-04-11 11:30:00+00:00
59,53,low,2024-04-11 12:00:00+00:00
58,54,low,2024-04-11 12:30:00+00:00
54,56,low,2024-04-11 13:00:00+00:00
55,65,low,2024-04-11 13:30:00+00:00
59,66,low,2024-04-11 14:00:00+00:00
69,74,low,2024-04-11 14:30:00+00:00
69,84,low,2024-04-11 15:00:00+00:00
74,99,low,2024-04-11 15:30:00+00:00
83,104,low,2024-04-11 16:00:00+00:00
93,103,low,2024-04-11 16:30:00+00:00
99,106,low,2024-04-11 17:00:00+00:00
97,111,moderate,2024-04-11 17:30:00+00:00
98,109,low,2024-04-11 18:00:00+00:00
99,102,low,2024-04-11 18:30:00+00:00
99,93,low,2024-04-11 19:00:00+00:00
81,76,low,2024-04-11 19:30:00+00:00
73,63,low,2024-04-11 20:00:00+00:00
68,62,low,2024-04-11 20:30:00+00:00
68,58,low,2024-04-11 21:00:00+00:00
50,54,low,2024-04-11 21:30:00+00:00
53,48,low,2024-04-11 22:00:00+00:00
52,45,low,2024-04-11 22:30:00+00:00
43,46,low,2024-04-11 23:00:00+00:00
47,47,low,2024-04-11 23:30:00+00:00
50,47,low,2024-04-12 00:00:00+00:00
42,51,low,2024-04-12 00:30:00+00:00
43,47,low,2024-04-12 01:00:00+00:00
33,48,low,2024-04-12 01:30:00+00:00
46,46,low,2024-04-12 02:00:00+00:00
43,48,low,2024-04-12 02:30:00+00:00
45,49,low,2024-04-12 03:00:00+00:00
46,50,low,2024-04-12 03:30:00+00:00
48,52,low,2024-04-12 04:00:00+00:00
50,67,low,2024-04-12 04:30:00+00:00
44,71,low,2024-04-12 05:00:00+00:00
62,61,low,2024-04-12 05:30:00+00:00
68,64,low,2024-04-12 06:00:00+00:00
58,53,low,2024-04-12 06:30:00+00:00
54,57,low,2024-04-12 07:00:00+00:00
49,58,low,2024-04-12 07:30:00+00:00
50,52,low,2024-04-12 08:00:00+00:00
56,46,low,2024-04-12 08:30:00+00:00
51,40,low,2024-04-12 09:00:00+00:00
46,38,low,2024-04-12 09:30:00+00:00
41,34,very low,2024-04-12 10:00:00+00:00
39,32,very low,2024-04-12 10:30:00+00:00
32,29,very low,2024-04-12 11:00:00+00:00
30,29,very low,2024-04-12 11:30:00+00:00
29,27,very low,2024-04-12 12:00:00+00:00
26,28,very low,2024-04-12 12:30:00+00:00
24,26,very low,2024-04-12 13:00:00+00:00
24,25,very low,2024-04-12 13:30:00+00:00
25,26,very low,2024-04-12 14:00:00+00:00
21,26,very low,2024-04-12 14:30:00+00:00
24,33,very low,2024-04-12 15:00:00+00:00
25,36,low,2024-04-12 15:30:00+00:00
28,41,low,2024-04-12 16:00:00+00:00
31,44,low,2024-04-12 16:30:00+00:00
26,57,low,2024-04-12 17:00:00+00:00
44,68,low,2024-04-12 17:30:00+00:00
48,71,low,2024-04-12 18:00:00+00:00
61,65,low,2024-04-12 18:30:00+00:00
61,58,low,2024-04-12 19:00:00+00:00
58,52,low,2024-04-12 19:30:00+00:00
57,60,low,2024-04-12 20:00:00+00:00
49,60,low,2024-04-12 20:30:00+00:00
49,56,low,2024-04-12 21:00:00+00:00
61,56,low,2024-04-12 21:30:00+00:00
56,57,low,2024-04-12 22:00:00+00:00
65,57,low,2024-04-12 22:30:00+00:00
67,55,low,2024-04-12 23:00:00+00:00
69,53,low,2024-04-12 23:30:00+00:00
62,54,low,2024-04-13 00:00:00+00:00
55,57,low,2024-04-13 00:30:00+00:00
55,60,low,2024-04-13 01:00:00+00:00
59,63,low,2024-04-13 01:30:00+00:00
60,63,low,2024-04-13 02:00:00+00:00
65,60,low,2024-04-13 02:30:00+00:00
64,62,low,2024-04-13 03:00:00+00:00
61,63,low,2024-04-13 03:30:00+00:00
63,63,low,2024-04-13 04:00:00+00:00
65,63,low,2024-04-13 04:30:00+00:00
48,67,low,2024-04-13 05:00:00+00:00
66,63,low,2024-04-13 05:30:00+00:00
67,65,low,2024-04-13 06:00:00+00:00
70,59,low,2024-04-13 06:30:00+00:00
64,50,low,2024-04-13 07:00:00+00:00
51,65,low,2024-04-13 07:30:00+00:00
50,58,low,2024-04-13 08:00:00+00:00
43,55,low,2024-04-13 08:30:00+00:00
38,54,low,2024-04-13 09:00:00+00:00
37,56,low,2024-04-13 09:30:00+00:00
35,53,low,2024-04-13 10:00:00+00:00
33,50,low,2024-04-13 10:30:00+00:00
29,43,low,2024-04-13 11:00:00+00:00
25,44,low,2024-04-13 11:30:00+00:00
22,42,low,2024-04-13 12:00:00+00:00
19,35,low,2024-04-13 12:30:00+00:00
19,31,very low,2024-04-13 13:00:00+00:00
20,23,very low,2024-04-13 13:30:00+00:00
19,22,very low,2024-04-13 14:00:00+00:00
17,23,very low,2024-04-13 14:30:00+00:00
18,26,very low,2024-04-13 15:00:00+00:00
17,33,very low,2024-04-13 15:30:00+00:00
20,39,low,2024-04-13 16:00:00+00:00
20,41,low,2024-04-13 16:30:00+00:00
26,41,low,2024-04-13 17:00:00+00:00
30,53,low,2024-04-13 17:30:00+00:00
30,59,low,2024-04-13 18:00:00+00:00
38,57,low,2024-04-13 18:30:00+00:00
45,56,low,2024-04-13 19:00:00+00:00
46,50,low,2024-04-13 19:30:00+00:00
42,48,low,2024-04-13 20:00:00+00:00
42,53,low,2024-04-13 20:30:00+00:00
43,59,low,2024-04-13 21:00:00+00:00
45,65,low,2024-04-13 21:30:00+00:00
48,67,low,2024-04-13 22:00:00+00:00
57,73,low,2024-04-13 22:30:00+00:00
57,68,low,2024-04-13 23:00:00+00:00
71,67,low,2024-04-13 23:30:00+00:00
68,71,low,2024-04-14 00:00:00+00:00
74,72,low,2024-04-14 00:30:00+00:00
74,74,low,2024-04-14 01:00:00+00:00
70,78,low,2024-04-14 01:30:00+00:00
70,75,low,2024-04-14 02:00:00+00:00
77,72,low,2024-04-14 02:30:00+00:00
76,73,low,2024-04-14 03:00:00+00:00
72,73,low,2024-04-14 03:30:00+00:00
76,75,low,2024-04-14 04:00:00+00:00
76,78,low,2024-04-14 04:30:00+00:00
38,82,low,2024-04-14 05:00:00+00:00
76,79,low,2024-04-14 05:30:00+00:00
76,78,low,2024-04-14 06:00:00+00:00
73,83,low,2024-04-14 06:30:00+00:00
72,74,low,2024-04-14 07:00:00+00:00
67,70,low,2024-04-14 07:30:00+00:00
73,65,low,2024-04-14 08:00:00+00:00
73,61,low,2024-04-14 08:30:00+00:00
62,56,low,2024-04-14 09:00:00+00:00
60,56,low,2024-04-14 09:30:00+00:00
51,54,low,2024-04-14 10:00:00+00:00
54,52,low,2024-04-14 10:30:00+00:00
51,52,low,2024-04-14 11:00:00+00:00
50,52,low,2024-04-14 11:30:00+00:00
49,52,low,2024-04-14 12:00:00+00:00
50,51,low,2024-04-14 12:30:00+00:00
48,52,low,2024-04-14 13:00:00+00:00
45,36,low,2024-04-14 13:30:00+00:00
54,37,low,2024-04-14 14:00:00+00:00
46,42,low,2024-04-14 14:30:00+00:00
41,53,low,2024-04-14 15:00:00+00:00
44,58,low,2024-04-14 15:30:00+00:00
54,68,low,2024-04-14 16:00:00+00:00
55,74,low,2024-04-14 16:30:00+00:00
72,71,low,2024-04-14 17:00:00+00:00
72,70,low,2024-04-14 17:30:00+00:00
72,71,low,2024-04-14 18:00:00+00:00
73,73,low,2024-04-14 18:30:00+00:00
74,69,low,2024-04-14 19:00:00+00:00
67,72,low,2024-04-14 19:30:00+00:00
71,63,low,2024-04-14 20:00:00+00:00
73,69,low,2024-04-14 20:30:00+00:00
66,62,low,2024-04-14 21:00:00+00:00
66,65,low,2024-04-14 21:30:00+00:00
61,59,low,2024-04-14 22:00:00+00:00
58,69,low,2024-04-14 22:30:00+00:00
56,60,low,2024-04-14 23:00:00+00:00
65,60,low,2024-04-14 23:30:00+00:00
65,60,low,2024-04-15 00:00:00+00:00
66,60,low,2024-04-15 00:30:00+00:00
66,61,low,2024-04-15 01:00:00+00:00
60,61,low,2024-04-15 01:30:00+00:00
61,62,low,2024-04-15 02:00:00+00:00
60,59,low,2024-04-15 02:30:00+00:00
61,57,low,2024-04-15 03:00:00+00:00
58,60,low,2024-04-15 03:30:00+00:00
58,61,low,2024-04-15 04:00:00+00:00
61,58,low,2024-04-15 04:30:00+00:00
53,62,low,2024-04-15 05:00:00+00:00
56,54,low,2024-04-15 05:30:00+00:00
64,45,low,2024-04-15 06:00:00+00:00
58,40,low,2024-04-15 06:30:00+00:00
44,35,low,2024-04-15 07:00:00+00:00
46,31,very low,2024-04-15 07:30:00+00:00
38,28,very low,2024-04-15 08:00:00+00:00
36,25,very low,2024-04-15 08:30:00+00:00
34,24,very low,2024-04-15 09:00:00+00:00
24,23,very low,2024-04-15 09:30:00+00:00
22,22,very low,2024-04-15 10:00:00+00:00
20,22,very low,2024-04-15 10:30:00+00:00
21,21,very low,2024-04-15 11:00:00+00:00
22,23,very low,2024-04-15 11:30:00+00:00
20,20,very low,2024-04-15 12:00:00+00:00
19,19,very low,2024-04-15 12:30:00+00:00
16,19,very low,2024-04-15 13:00:00+00:00
14,20,very low,2024-04-15 13:30:00+00:00
14,23,very low,2024-04-15 14:00:00+00:00
13,23,very low,2024-04-15 14:30:00+00:00
14,29,very low,2024-04-15 15:00:00+00:00
18,32,very low,2024-04-15 15:30:00+00:00
21,32,very low,2024-04-15 16:00:00+00:00
25,31,very low,2024-04-15 16:30:00+00:00
29,43,low,2024-04-15 17:00:00+00:00
26,47,low,2024-04-15 17:30:00+00:00
38,52,low,2024-04-15 18:00:00+00:00
38,57,low,2024-04-15 18:30:00+00:00
44,59,low,2024-04-15 19:00:00+00:00
47,49,low,2024-04-15 19:30:00+00:00
46,42,low,2024-04-15 20:00:00+00:00
39,44,low,2024-04-15 20:30:00+00:00
36,41,low,2024-04-15 21:00:00+00:00
44,58,low,2024-04-15 21:30:00+00:00
39,56,low,2024-04-15 22:00:00+00:00
52,53,low,2024-04-15 22:30:00+00:00
55,52,low,2024-04-15 23:00:00+00:00
51,50,low,2024-04-15 23:30:00+00:00
48,51,low,2024-04-16 00:00:00+00:00
48,49,low,2024-04-16 00:30:00+00:00
50,47,low,2024-04-16 01:00:00+00:00
49,46,low,2024-04-16 01:30:00+00:00
47,45,low,2024-04-16 02:00:00+00:00
46,52,low,2024-04-16 02:30:00+00:00
46,49,low,2024-04-16 03:00:00+00:00
51,44,low,2024-04-16 03:30:00+00:00
50,48,low,2024-04-16 04:00:00+00:00
42,45,low,2024-04-16 04:30:00+00:00
33,53,low,2024-04-16 05:00:00+00:00
46,55,low,2024-04-16 05:30:00+00:00
47,53,low,2024-04-16 06:00:00+00:00
49,47,low,2024-04-16 06:30:00+00:00
45,40,low,2024-04-16 07:00:00+00:00
41,35,low,2024-04-16 07:30:00+00:00
37,36,low,2024-04-16 08:00:00+00:00
30,39,low,2024-04-16 08:30:00+00:00
31,38,low,2024-04-16 09:00:00+00:00
32,39,low,2024-04-16 09:30:00+00:00
32,39,low,2024-04-16 10:00:00+00:00
32,38,low,2024-04-16 10:30:00+00:00
32,35,low,2024-04-16 11:00:00+00:00
31,37,low,2024-04-16 11:30:00+00:00
30,35,low,2024-04-16 12:00:00+00:00
32,37,low,2024-04-16 12:30:00+00:00
29,40,low,2024-04-16 13:00:00+00:00
33,39,low,2024-04-16 13:30:00+00:00
34,42,low,2024-04-16 14:00:00+00:00
32,47,low,2024-04-16 14:30:00+00:00
38,51,low,2024-04-16 15:00:00+00:00
48,60,low,2024-04-16 15:30:00+00:00
53,63,low,2024-04-16 16:00:00+00:00
65,72,low,2024-04-16 16:30:00+00:00
66,80,low,2024-04-16 17:00:00+00:00
72,92,low,2024-04-16 17:30:00+00:00
77,91,low,2024-04-16 18:00:00+00:00
84,92,low,2024-04-16 18:30:00+00:00
86,97,low,2024-04-16 19:00:00+00:00
83,96,low,2024-04-16 19:30:00+00:00
77,90,low,2024-04-16 20:00:00+00:00
67,92,low,2024-04-16 20:30:00+00:00
87,92,low,2024-04-16 21:00:00+00:00
86,80,low,2024-04-16 21:30:00+00:00
85,72,low,2024-04-16 22:00:00+00:00
75,75,low,2024-04-16 22:30:00+00:00
72,71,low,2024-04-16 23:00:00+00:00
66,64,low,2024-04-16 23:30:00+00:00
69,61,low,2024-04-17 00:00:00+00:00
68,62,low,2024-04-17 00:30:00+00:00
61,63,low,2024-04-17 01:00:00+00:00
63,67,low,2024-04-17 01:30:00+00:00
65,65,low,2024-04-17 02:00:00+00:00
65,69,low,2024-04-17 02:30:00+00:00
64,67,low,2024-04-17 03:00:00+00:00
69,77,low,2024-04-17 03:30:00+00:00
69,75,low,2024-04-17 04:00:00+00:00
76,91,low,2024-04-17 04:30:00+00:00
80,105,low,2024-04-17 05:00:00+00:00
81,111,moderate,2024-04-17 05:30:00+00:00
89,116,moderate,2024-04-17 06:00:00+00:00
98,93,low,2024-04-17 06:30:00+00:00
120,88,low,2024-04-17 07:00:00+00:00
81,79,low,2024-04-17 07:30:00+00:00
77,74,low,2024-04-17 08:00:00+00:00
72,72,low,2024-04-17 08:30:00+00:00
68,67,low,2024-04-17 09:00:00+00:00
67,68,low,2024-04-17 09:30:00+00:00
62,66,low,2024-04-17 10:00:00+00:00
64,63,low,2024-04-17 10:30:00+00:00
66,64,low,2024-04-17 11:00:00+00:00
62,72,low,2024-04-17 11:30:00+00:00
65,72,low,2024-04-17 12:00:00+00:00
64,73,low,2024-04-17 12:30:00+00:00
65,82,low,2024-04-17 13:00:00+00:00
61,87,low,2024-04-17 13:30:00+00:00
76,95,low,2024-04-17 14:00:00+00:00
85,116,moderate,2024-04-17 14:30:00+00:00
92,137,moderate,2024-04-17 15:00:00+00:00
115,154,moderate,2024-04-17 15:30:00+00:00
139,163,moderate,2024-04-17 16:00:00+00:00
146,174,moderate,2024-04-17 16:30:00+00:00
164,179,moderate,2024-04-17 17:00:00+00:00
171,183,moderate,2024-04-17 17:30:00+00:00
179,189,moderate,2024-04-17 18:00:00+00:00
186,184,moderate,2024-04-17 18:30:00+00:00
189,178,moderate,2024-04-17 19:00:00+00:00
183,177,moderate,2024-04-17 19:30:00+00:00
180,181,moderate,2024-04-17 20:00:00+00:00
168,181,moderate,2024-04-17 20:30:00+00:00
170,179,moderate,2024-04-17 21:00:00+00:00
171,159,moderate,2024-04-17 21:30:00+00:00
174,151,moderate,2024-04-17 22:00:00+00:00
172,143,moderate,2024-04-17 22:30:00+00:00
147,143,moderate,2024-04-17 23:00:00+00:00
143,142,moderate,2024-04-17 23:30:00+00:00
146,142,moderate,2024-04-18 00:00:00+00:00
146,139,moderate,2024-04-18 00:30:00+00:00
142,147,moderate,2024-04-18 01:00:00+00:00
141,145,moderate,2024-04-18 01:30:00+00:00
150,137,moderate,2024-04-18 02:00:00+00:00
146,134,moderate,2024-04-18 02:30:00+00:00
135,132,moderate,2024-04-18 03:00:00+00:00
126,151,moderate,2024-04-18 03:30:00+00:00
139,159,moderate,2024-04-18 04:00:00+00:00
166,172,moderate,2024-04-18 04:30:00+00:00
165,178,moderate,2024-04-18 05:00:00+00:00
173,173,moderate,2024-04-18 05:30:00+00:00
193,174,moderate,2024-04-18 06:00:00+00:00
169,158,moderate,2024-04-18 06:30:00+00:00
169,147,moderate,2024-04-18 07:00:00+00:00
161,140,moderate,2024-04-18 07:30:00+00:00
137,125,moderate,2024-04-18 08:00:00+00:00
128,105,low,2024-04-18 08:30:00+00:00
124,92,low,2024-04-18 09:00:00+00:00
117,71,low,2024-04-18 09:30:00+00:00
93,61,low,2024-04-18 10:00:00+00:00
66,58,low,2024-04-18 10:30:00+00:00
69,48,low,2024-04-18 11:00:00+00:00
62,47,low,2024-04-18 11:30:00+00:00
58,47,low,2024-04-18 12:00:00+00:00
54,47,low,2024-04-18 12:30:00+00:00
51,45,low,2024-04-18 13:00:00+00:00
50,45,low,2024-04-18 13:30:00+00:00
42,51,low,2024-04-18 14:00:00+00:00
48,57,low,2024-04-18 14:30:00+00:00
49,63,low,2024-04-18 15:00:00+00:00
56,75,low,2024-04-18 15:30:00+00:00
63,75,low,2024-04-18 16:00:00+00:00
69,77,low,2024-04-18 16:30:00+00:00
77,76,low,2024-04-18 17:00:00+00:00
78,78,low,2024-04-18 17:30:00+00:00
75,78,low,2024-04-18 18:00:00+00:00
75,73,low,2024-04-18 18:30:00+00:00
71,62,low,2024-04-18 19:00:00+00:00
68,66,low,2024-04-18 19:30:00+00:00
53,58,low,2024-04-18 20:00:00+00:00
61,48,low,2024-04-18 20:30:00+00:00
52,40,low,2024-04-18 21:00:00+00:00
52,43,low,2024-04-18 21:30:00+00:00
52,46,low,2024-04-18 22:00:00+00:00
49,47,low,2024-04-18 22:30:00+00:00
50,45,low,2024-04-18 23:00:00+00:00
45,45,low,2024-04-18 23:30:00+00:00
46,45,low,2024-04-19 00:00:00+00:00
46,45,low,2024-04-19 00:30:00+00:00
46,44,low,2024-04-19 01:00:00+00:00
48,47,low,2024-04-19 01:30:00+00:00
45,46,low,2024-04-19 02:00:00+00:00
47,47,low,2024-04-19 02:30:00+00:00
49,49,low,2024-04-19 03:00:00+00:00
49,47,low,2024-04-19 03:30:00+00:00
50,50,low,2024-04-19 04:00:00+00:00
94,49,low,2024-04-19 04:30:00+00:00
50,52,low,2024-04-19 05:00:00+00:00
51,55,low,2024-04-19 05:30:00+00:00
46,61,low,2024-04-19 06:00:00+00:00
47,53,low,2024-04-19 06:30:00+00:00
53,51,low,2024-04-19 07:00:00+00:00
45,59,low,2024-04-19 07:30:00+00:00
45,57,low,2024-04-19 08:00:00+00:00
51,52,low,2024-04-19 08:30:00+00:00
50,50,low,2024-04-19 09:00:00+00:00
49,46,low,2024-04-19 09:30:00+00:00
47,43,low,2024-04-19 10:00:00+00:00
43,41,low,2024-04-19 10:30:00+00:00
42,42,low,2024-04-19 11:00:00+00:00
42,45,low,2024-04-19 11:30:00+00:00
37,39,low,2024-04-19 12:00:00+00:00
39,37,low,2024-04-19 12:30:00+00:00
38,38,low,2024-04-19 13:00:00+00:00
39,39,low,2024-04-19 13:30:00+00:00
50,41,low,2024-04-19 14:00:00+00:00
45,44,low,2024-04-19 14:30:00+00:00
45,44,low,2024-04-19 15:00:00+00:00
47,47,low,2024-04-19 15:30:00+00:00
47,51,low,2024-04-19 16:00:00+00:00
53,57,low,2024-04-19 16:30:00+00:00
58,67,low,2024-04-19 17:00:00+00:00
63,73,low,2024-04-19 17:30:00+00:00
70,73,low,2024-04-19 18:00:00+00:00
73,81,low,2024-04-19 18:30:00+00:00
74,82,low,2024-04-19 19:00:00+00:00
81,78,low,2024-04-19 19:30:00+00:00
76,73,low,2024-04-19 20:00:00+00:00
82,76,low,2024-04-19 20:30:00+00:00
68,75,low,2024-04-19 21:00:00+00:00
76,71,low,2024-04-19 21:30:00+00:00
75,67,low,2024-04-19 22:00:00+00:00
79,65,low,2024-04-19 22:30:00+00:00
74,67,low,2024-04-19 23:00:00+00:00
70,67,low,2024-04-19 23:30:00+00:00
74,77,low,2024-04-20 00:00:00+00:00
69,75,low,2024-04-20 00:30:00+00:00
82,68,low,2024-04-20 01:00:00+00:00
87,68,low,2024-04-20 01:30:00+00:00
74,70,low,2024-04-20 02:00:00+00:00
75,76,low,2024-04-20 02:30:00+00:00
78,77,low,2024-04-20 03:00:00+00:00
85,76,low,2024-04-20 03:30:00+00:00
85,77,low,2024-04-20 04:00:00+00:00
82,79,low,2024-04-20 04:30:00+00:00
84,82,low,2024-04-20 05:00:00+00:00
89,73,low,2024-04-20 05:30:00+00:00
86,68,low,2024-04-20 06:00:00+00:00
71,71,low,2024-04-20 06:30:00+00:00
65,61,low,2024-04-20 07:00:00+00:00
68,57,low,2024-04-20 07:30:00+00:00
58,54,low,2024-04-20 08:00:00+00:00
53,53,low,2024-04-20 08:30:00+00:00
49,51,low,2024-04-20 09:00:00+00:00
48,51,low,2024-04-20 09:30:00+00:00
55,50,low,2024-04-20 10:00:00+00:00
48,53,low,2024-04-20 10:30:00+00:00
49,52,low,2024-04-20 11:00:00+00:00
51,55,low,2024-04-20 11:30:00+00:00
52,59,low,2024-04-20 12:00:00+00:00
52,55,low,2024-04-20 12:30:00+00:00
52,55,low,2024-04-20 13:00:00+00:00
55,56,low,2024-04-20 13:30:00+00:00
52,61,low,2024-04-20 14:00:00+00:00
57,68,low,2024-04-20 14:30:00+00:00
65,79,low,2024-04-20 15:00:00+00:00
74,92,low,2024-04-20 15:30:00+00:00
84,104,low,2024-04-20 16:00:00+00:00
96,116,moderate,2024-04-20 16:30:00+00:00
110,118,moderate,2024-04-20 17:00:00+00:00
127,118,moderate,2024-04-20 17:30:00+00:00
128,124,moderate,2024-04-20 18:00:00+00:00
124,126,moderate,2024-04-20 18:30:00+00:00
126,127,moderate,2024-04-20 19:00:00+00:00
122,133,moderate,2024-04-20 19:30:00+00:00
120,132,moderate,2024-04-20 20:00:00+00:00
137,130,moderate,2024-04-20 20:30:00+00:00
136,118,moderate,2024-04-20 21:00:00+00:00
129,106,low,2024-04-20 21:30:00+00:00
122,101,low,2024-04-20 22:00:00+00:00
114,91,low,2024-04-20 22:30:00+00:00
115,84,low,2024-04-20 23:00:00+00:00
93,85,low,2024-04-20 23:30:00+00:00
88,84,low,2024-04-21 00:00:00+00:00
89,84,low,2024-04-21 00:30:00+00:00
87,84,low,2024-04-21 01:00:00+00:00
81,84,low,2024-04-21 01:30:00+00:00
85,83,low,2024-04-21 02:00:00+00:00
84,83,low,2024-04-21 02:30:00+00:00
85,83,low,2024-04-21 03:00:00+00:00
84,82,low,2024-04-21 03:30:00+00:00
89,83,low,2024-04-21 04:00:00+00:00
87,86,low,2024-04-21 04:30:00+00:00
85,85,low,2024-04-21 05:00:00+00:00
85,85,low,2024-04-21 05:30:00+00:00
88,82,low,2024-04-21 06:00:00+00:00
83,78,low,2024-04-21 06:30:00+00:00
81,75,low,2024-04-21 07:00:00+00:00
75,73,low,2024-04-21 07:30:00+00:00
68,73,low,2024-04-21 08:00:00+00:00
65,72,low,2024-04-21 08:30:00+00:00
68,71,low,2024-04-21 09:00:00+00:00
64,74,low,2024-04-21 09:30:00+00:00
64,77,low,2024-04-21 10:00:00+00:00
63,77,low,2024-04-21 10:30:00+00:00
69,78,low,2024-04-21 11:00:00+00:00
70,81,low,2024-04-21 11:30:00+00:00
71,81,low,2024-04-21 12:00:00+00:00
76,82,low,2024-04-21 12:30:00+00:00
77,85,low,2024-04-21 13:00:00+00:00
77,84,low,2024-04-21 13:30:00+00:00
83,94,low,2024-04-21 14:00:00+00:00
83,99,low,2024-04-21 14:30:00+00:00
95,118,moderate,2024-04-21 15:00:00+00:00
94,133,moderate,2024-04-21 15:30:00+00:00
123,139,moderate,2024-04-21 16:00:00+00:00
134,145,moderate,2024-04-21 16:30:00+00:00
143,154,moderate,2024-04-21 17:00:00+00:00
148,157,moderate,2024-04-21 17:30:00+00:00
146,160,moderate,2024-04-21 18:00:00+00:00
154,163,moderate,2024-04-21 18:30:00+00:00
156,165,moderate,2024-04-21 19:00:00+00:00
157,163,moderate,2024-04-21 19:30:00+00:00
164,161,moderate,2024-04-21 20:00:00+00:00
159,160,moderate,2024-04-21 20:30:00+00:00
154,156,moderate,2024-04-21 21:00:00+00:00
153,157,moderate,2024-04-21 21:30:00+00:00
146,154,moderate,2024-04-21 22:00:00+00:00
139,161,moderate,2024-04-21 22:30:00+00:00
142,163,moderate,2024-04-21 23:00:00+00:00
144,168,moderate,2024-04-21 23:30:00+00:00
165,172,moderate,2024-04-22 00:00:00+00:00
172,165,moderate,2024-04-22 00:30:00+00:00
171,163,moderate,2024-04-22 01:00:00+00:00
173,167,moderate,2024-04-22 01:30:00+00:00
169,166,moderate,2024-04-22 02:00:00+00:00
172,166,moderate,2024-04-22 02:30:00+00:00
172,164,moderate,2024-04-22 03:00:00+00:00
173,182,moderate,2024-04-22 03:30:00+00:00
176,186,moderate,2024-04-22 04:00:00+00:00
188,206,high,2024-04-22 04:30:00+00:00
192,216,high,2024-04-22 05:00:00+00:00
207,204,high,2024-04-22 05:30:00+00:00
216,202,high,2024-04-22 06:00:00+00:00
202,195,high,2024-04-22 06:30:00+00:00
200,196,high,2024-04-22 07:00:00+00:00
190,194,high,2024-04-22 07:30:00+00:00
193,189,moderate,2024-04-22 08:00:00+00:00
190,191,high,2024-04-22 08:30:00+00:00
186,190,high,2024-04-22 09:00:00+00:00
188,192,high,2024-04-22 09:30:00+00:00
189,188,moderate,2024-04-22 10:00:00+00:00
189,186,moderate,2024-04-22 10:30:00+00:00
185,185,moderate,2024-04-22 11:00:00+00:00
183,184,moderate,2024-04-22 11:30:00+00:00
182,184,moderate,2024-04-22 12:00:00+00:00
182,191,high,2024-04-22 12:30:00+00:00
183,192,high,2024-04-22 13:00:00+00:00
190,190,high,2024-04-22 13:30:00+00:00
194,195,high,2024-04-22 14:00:00+00:00
195,204,high,2024-04-22 14:30:00+00:00
196,210,high,2024-04-22 15:00:00+00:00
196,202,high,2024-04-22 15:30:00+00:00
199,197,high,2024-04-22 16:00:00+00:00
203,207,high,2024-04-22 16:30:00+00:00
205,212,high,2024-04-22 17:00:00+00:00
210,215,high,2024-04-22 17:30:00+00:00
219,217,high,2024-04-22 18:00:00+00:00
218,218,high,2024-04-22 18:30:00+00:00
220,216,high,2024-04-22 19:00:00+00:00
221,218,high,2024-04-22 19:30:00+00:00
222,210,high,2024-04-22 20:00:00+00:00
219,206,high,2024-04-22 20:30:00+00:00
220,194,high,2024-04-22 21:00:00+00:00
263,182,moderate,2024-04-22 21:30:00+00:00
194,175,moderate,2024-04-22 22:00:00+00:00
184,170,moderate,2024-04-22 22:30:00+00:00
184,168,moderate,2024-04-22 23:00:00+00:00
167,165,moderate,2024-04-22 23:30:00+00:00
174,165,moderate,2024-04-23 00:00:00+00:00
170,160,moderate,2024-04-23 00:30:00+00:00
165,156,moderate,2024-04-23 01:00:00+00:00
165,152,moderate,2024-04-23 01:30:00+00:00
162,152,moderate,2024-04-23 02:00:00+00:00
153,152,moderate,2024-04-23 02:30:00+00:00
154,149,moderate,2024-04-23 03:00:00+00:00
157,158,moderate,2024-04-23 03:30:00+00:00
157,164,moderate,2024-04-23 04:00:00+00:00
163,182,moderate,2024-04-23 04:30:00+00:00
172,188,moderate,2024-04-23 05:00:00+00:00
202,182,moderate,2024-04-23 05:30:00+00:00
181,183,moderate,2024-04-23 06:00:00+00:00
177,182,moderate,2024-04-23 06:30:00+00:00
178,181,moderate,2024-04-23 07:00:00+00:00
181,173,moderate,2024-04-23 07:30:00+00:00
182,166,moderate,2024-04-23 08:00:00+00:00
173,162,moderate,2024-04-23 08:30:00+00:00
169,159,moderate,2024-04-23 09:00:00+00:00
159,146,moderate,2024-04-23 09:30:00+00:00
155,130,moderate,2024-04-23 10:00:00+00:00
145,128,moderate,2024-04-23 10:30:00+00:00
138,121,moderate,2024-04-23 11:00:00+00:00
121,116,moderate,2024-04-23 11:30:00+00:00
116,104,low,2024-04-23 12:00:00+00:00
118,108,low,2024-04-23 12:30:00+00:00
110,106,low,2024-04-23 13:00:00+00:00
102,114,moderate,2024-04-23 13:30:00+00:00
102,119,moderate,2024-04-23 14:00:00+00:00
97,124,moderate,2024-04-23 14:30:00+00:00
120,123,moderate,2024-04-23 15:00:00+00:00
126,121,moderate,2024-04-23 15:30:00+00:00
129,124,moderate,2024-04-23 16:00:00+00:00
140,129,moderate,2024-04-23 16:30:00+00:00
144,136,moderate,2024-04-23 17:00:00+00:00
139,146,moderate,2024-04-23 17:30:00+00:00
146,151,moderate,2024-04-23 18:00:00+00:00
159,152,moderate,2024-04-23 18:30:00+00:00
156,152,moderate,2024-04-23 19:00:00+00:00
150,156,moderate,2024-04-23 19:30:00+00:00
145,148,moderate,2024-04-23 20:00:00+00:00
147,140,moderate,2024-04-23 20:30:00+00:00
138,128,moderate,2024-04-23 21:00:00+00:00
137,93,low,2024-04-23 21:30:00+00:00
134,85,low,2024-04-23 22:00:00+00:00
111,86,low,2024-04-23 22:30:00+00:00
127,84,low,2024-04-23 23:00:00+00:00
94,80,low,2024-04-23 23:30:00+00:00
89,80,low,2024-04-24 00:00:00+00:00
89,81,low,2024-04-24 00:30:00+00:00
87,85,low,2024-04-24 01:00:00+00:00
88,90,low,2024-04-24 01:30:00+00:00
87,85,low,2024-04-24 02:00:00+00:00
89,86,low,2024-04-24 02:30:00+00:00
91,88,low,2024-04-24 03:00:00+00:00
90,97,low,2024-04-24 03:30:00+00:00
92,108,low,2024-04-24 04:00:00+00:00
102,130,moderate,2024-04-24 04:30:00+00:00
122,139,moderate,2024-04-24 05:00:00+00:00
133,137,moderate,2024-04-24 05:30:00+00:00
145,139,moderate,2024-04-24 06:00:00+00:00
148,135,moderate,2024-04-24 06:30:00+00:00
139,130,moderate,2024-04-24 07:00:00+00:00
129,123,moderate,2024-04-24 07:30:00+00:00
116,120,moderate,2024-04-24 08:00:00+00:00
111,123,moderate,2024-04-24 08:30:00+00:00
111,121,moderate,2024-04-24 09:00:00+00:00
118,117,moderate,2024-04-24 09:30:00+00:00
118,121,moderate,2024-04-24 10:00:00+00:00
115,120,moderate,2024-04-24 10:30:00+00:00
120,118,moderate,2024-04-24 11:00:00+00:00
118,121,moderate,2024-04-24 11:30:00+00:00
112,119,moderate,2024-04-24 12:00:00+00:00
118,116,moderate,2024-04-24 12:30:00+00:00
118,115,moderate,2024-04-24 13:00:00+00:00
114,115,moderate,2024-04-24 13:30:00+00:00
111,123,moderate,2024-04-24 14:00:00+00:00
117,125,moderate,2024-04-24 14:30:00+00:00
129,134,moderate,2024-04-24 15:00:00+00:00
138,145,moderate,2024-04-24 15:30:00+00:00
139,157,moderate,2024-04-24 16:00:00+00:00
148,164,moderate,2024-04-24 16:30:00+00:00
161,166,moderate,2024-04-24 17:00:00+00:00
169,168,moderate,2024-04-24 17:30:00+00:00
167,171,moderate,2024-04-24 18:00:00+00:00
177,178,moderate,2024-04-24 18:30:00+00:00
183,176,moderate,2024-04-24 19:00:00+00:00
182,173,moderate,2024-04-24 19:30:00+00:00
184,178,moderate,2024-04-24 20:00:00+00:00
176,175,moderate,2024-04-24 20:30:00+00:00
179,166,moderate,2024-04-24 21:00:00+00:00
168,158,moderate,2024-04-24 21:30:00+00:00
157,151,moderate,2024-04-24 22:00:00+00:00
159,158,moderate,2024-04-24 22:30:00+00:00
148,158,moderate,2024-04-24 23:00:00+00:00
158,168,moderate,2024-04-24 23:30:00+00:00
161,168,moderate,2024-04-25 00:00:00+00:00
171,159,moderate,2024-04-25 00:30:00+00:00
167,151,moderate,2024-04-25 01:00:00+00:00
162,148,moderate,2024-04-25 01:30:00+00:00
147,141,moderate,2024-04-25 02:00:00+00:00
143,154,moderate,2024-04-25 02:30:00+00:00
134,151,moderate,2024-04-25 03:00:00+00:00
156,157,moderate,2024-04-25 03:30:00+00:00
167,164,moderate,2024-04-25 04:00:00+00:00
171,173,moderate,2024-04-25 04:30:00+00:00
186,192,high,2024-04-25 05:00:00+00:00
177,185,moderate,2024-04-25 05:30:00+00:00
202,186,moderate,2024-04-25 06:00:00+00:00
190,176,moderate,2024-04-25 06:30:00+00:00
183,171,moderate,2024-04-25 07:00:00+00:00
176,170,moderate,2024-04-25 07:30:00+00:00
171,165,moderate,2024-04-25 08:00:00+00:00
169,164,moderate,2024-04-25 08:30:00+00:00
164,161,moderate,2024-04-25 09:00:00+00:00
170,155,moderate,2024-04-25 09:30:00+00:00
161,150,moderate,2024-04-25 10:00:00+00:00
158,150,moderate,2024-04-25 10:30:00+00:00
150,154,moderate,2024-04-25 11:00:00+00:00
150,155,moderate,2024-04-25 11:30:00+00:00
155,156,moderate,2024-04-25 12:00:00+00:00
158,162,moderate,2024-04-25 12:30:00+00:00
159,161,moderate,2024-04-25 13:00:00+00:00
167,164,moderate,2024-04-25 13:30:00+00:00
166,177,moderate,2024-04-25 14:00:00+00:00
168,185,moderate,2024-04-25 14:30:00+00:00
167,194,high,2024-04-25 15:00:00+00:00
183,197,high,2024-04-25 15:30:00+00:00
190,199,high,2024-04-25 16:00:00+00:00
203,199,high,2024-04-25 16:30:00+00:00
202,204,high,2024-04-25 17:00:00+00:00
207,208,high,2024-04-25 17:30:00+00:00
205,212,high,2024-04-25 18:00:00+00:00
211,212,high,2024-04-25 18:30:00+00:00
216,215,high,2024-04-25 19:00:00+00:00
220,222,high,2024-04-25 19:30:00+00:00
220,219,high,2024-04-25 20:00:00+00:00
228,212,high,2024-04-25 20:30:00+00:00
224,196,high,2024-04-25 21:00:00+00:00
212,178,moderate,2024-04-25 21:30:00+00:00
201,174,moderate,2024-04-25 22:00:00+00:00
192,173,moderate,2024-04-25 22:30:00+00:00
172,168,moderate,2024-04-25 23:00:00+00:00
148,165,moderate,2024-04-25 23:30:00+00:00
174,168,moderate,2024-04-26 00:00:00+00:00
168,169,moderate,2024-04-26 00:30:00+00:00
166,168,moderate,2024-04-26 01:00:00+00:00
171,164,moderate,2024-04-26 01:30:00+00:00
167,162,moderate,2024-04-26 02:00:00+00:00
167,168,moderate,2024-04-26 02:30:00+00:00
166,166,moderate,2024-04-26 03:00:00+00:00
173,176,moderate,2024-04-26 03:30:00+00:00
172,180,moderate,2024-04-26 04:00:00+00:00
194,195,high,2024-04-26 04:30:00+00:00
193,209,high,2024-04-26 05:00:00+00:00
206,208,high,2024-04-26 05:30:00+00:00
212,213,high,2024-04-26 06:00:00+00:00
206,209,high,2024-04-26 06:30:00+00:00
217,201,high,2024-04-26 07:00:00+00:00
208,194,high,2024-04-26 07:30:00+00:00
203,193,high,2024-04-26 08:00:00+00:00
191,190,high,2024-04-26 08:30:00+00:00
192,190,high,2024-04-26 09:00:00+00:00
191,187,moderate,2024-04-26 09:30:00+00:00
192,183,moderate,2024-04-26 10:00:00+00:00
191,183,moderate,2024-04-26 10:30:00+00:00
181,185,moderate,2024-04-26 11:00:00+00:00
184,176,moderate,2024-04-26 11:30:00+00:00
190,174,moderate,2024-04-26 12:00:00+00:00
185,175,moderate,2024-04-26 12:30:00+00:00
178,177,moderate,2024-04-26 13:00:00+00:00
179,192,high,2024-04-26 13:30:00+00:00
183,204,high,2024-04-26 14:00:00+00:00
191,214,high,2024-04-26 14:30:00+00:00
203,218,high,2024-04-26 15:00:00+00:00
213,224,high,2024-04-26 15:30:00+00:00
218,225,high,2024-04-26 16:00:00+00:00
222,224,high,2024-04-26 16:30:00+00:00
226,226,high,2024-04-26 17:00:00+00:00
226,229,high,2024-04-26 17:30:00+00:00
222,231,high,2024-04-26 18:00:00+00:00
229,235,high,2024-04-26 18:30:00+00:00
227,236,high,2024-04-26 19:00:00+00:00
233,238,high,2024-04-26 19:30:00+00:00
232,234,high,2024-04-26 20:00:00+00:00
234,229,high,2024-04-26 20:30:00+00:00
230,215,high,2024-04-26 21:00:00+00:00
224,196,high,2024-04-26 21:30:00+00:00
216,197,high,2024-04-26 22:00:00+00:00
207,193,high,2024-04-26 22:30:00+00:00
193,190,high,2024-04-26 23:00:00+00:00
181,188,moderate,2024-04-26 23:30:00+00:00
189,188,moderate,2024-04-27 00:00:00+00:00
180,187,moderate,2024-04-27 00:30:00+00:00
180,181,moderate,2024-04-27 01:00:00+00:00
179,176,moderate,2024-04-27 01:30:00+00:00
175,169,moderate,2024-04-27 02:00:00+00:00
173,164,moderate,2024-04-27 02:30:00+00:00
169,162,moderate,2024-04-27 03:00:00+00:00
165,161,moderate,2024-04-27 03:30:00+00:00
161,158,moderate,2024-04-27 04:00:00+00:00
163,156,moderate,2024-04-27 04:30:00+00:00
153,153,moderate,2024-04-27 05:00:00+00:00
157,154,moderate,2024-04-27 05:30:00+00:00
155,154,moderate,2024-04-27 06:00:00+00:00
159,149,moderate,2024-04-27 06:30:00+00:00
154,149,moderate,2024-04-27 07:00:00+00:00
149,150,moderate,2024-04-27 07:30:00+00:00
146,149,moderate,2024-04-27 08:00:00+00:00
145,150,moderate,2024-04-27 08:30:00+00:00
145,150,moderate,2024-04-27 09:00:00+00:00
144,155,moderate,2024-04-27 09:30:00+00:00
149,155,moderate,2024-04-27 10:00:00+00:00
141,155,moderate,2024-04-27 10:30:00+00:00
150,155,moderate,2024-04-27 11:00:00+00:00
149,154,moderate,2024-04-27 11:30:00+00:00
149,153,moderate,2024-04-27 12:00:00+00:00
148,154,moderate,2024-04-27 12:30:00+00:00
146,156,moderate,2024-04-27 13:00:00+00:00
145,155,moderate,2024-04-27 13:30:00+00:00
155,153,moderate,2024-04-27 14:00:00+00:00
155,155,moderate,2024-04-27 14:30:00+00:00
153,162,moderate,2024-04-27 15:00:00+00:00
158,161,moderate,2024-04-27 15:30:00+00:00
165,163,moderate,2024-04-27 16:00:00+00:00
161,157,moderate,2024-04-27 16:30:00+00:00
165,155,moderate,2024-04-27 17:00:00+00:00
156,160,moderate,2024-04-27 17:30:00+00:00
155,164,moderate,2024-04-27 18:00:00+00:00
155,167,moderate,2024-04-27 18:30:00+00:00
160,165,moderate,2024-04-27 19:00:00+00:00
166,158,moderate,2024-04-27 19:30:00+00:00
163,148,moderate,2024-04-27 20:00:00+00:00
154,138,moderate,2024-04-27 20:30:00+00:00
149,128,moderate,2024-04-27 21:00:00+00:00
141,116,moderate,2024-04-27 21:30:00+00:00
137,110,moderate,2024-04-27 22:00:00+00:00
113,110,moderate,2024-04-27 22:30:00+00:00
110,106,low,2024-04-27 23:00:00+00:00
113,107,low,2024-04-27 23:30:00+00:00
103,112,moderate,2024-04-28 00:00:00+00:00
101,113,moderate,2024-04-28 00:30:00+00:00
100,106,low,2024-04-28 01:00:00+00:00
106,94,low,2024-04-28 01:30:00+00:00
102,85,low,2024-04-28 02:00:00+00:00
94,88,low,2024-04-28 02:30:00+00:00
83,87,low,2024-04-28 03:00:00+00:00
90,88,low,2024-04-28 03:30:00+00:00
90,90,low,2024-04-28 04:00:00+00:00
87,95,low,2024-04-28 04:30:00+00:00
89,100,low,2024-04-28 05:00:00+00:00
91,98,low,2024-04-28 05:30:00+00:00
97,99,low,2024-04-28 06:00:00+00:00
109,96,low,2024-04-28 06:30:00+00:00
90,100,low,2024-04-28 07:00:00+00:00
97,93,low,2024-04-28 07:30:00+00:00
97,89,low,2024-04-28 08:00:00+00:00
91,94,low,2024-04-28 08:30:00+00:00
82,91,low,2024-04-28 09:00:00+00:00
86,90,low,2024-04-28 09:30:00+00:00
86,87,low,2024-04-28 10:00:00+00:00
82,85,low,2024-04-28 10:30:00+00:00
81,78,low,2024-04-28 11:00:00+00:00
82,73,low,2024-04-28 11:30:00+00:00
77,72,low,2024-04-28 12:00:00+00:00
73,73,low,2024-04-28 12:30:00+00:00
69,72,low,2024-04-28 13:00:00+00:00
67,72,low,2024-04-28 13:30:00+00:00
71,75,low,2024-04-28 14:00:00+00:00
73,80,low,2024-04-28 14:30:00+00:00
77,89,low,2024-04-28 15:00:00+00:00
82,103,low,2024-04-28 15:30:00+00:00
91,105,low,2024-04-28 16:00:00+00:00
101,106,low,2024-04-28 16:30:00+00:00
108,105,low,2024-04-28 17:00:00+00:00
106,110,moderate,2024-04-28 17:30:00+00:00
100,112,moderate,2024-04-28 18:00:00+00:00
98,113,moderate,2024-04-28 18:30:00+00:00
98,110,moderate,2024-04-28 19:00:00+00:00
99,109,low,2024-04-28 19:30:00+00:00
87,95,low,2024-04-28 20:00:00+00:00
86,89,low,2024-04-28 20:30:00+00:00
85,72,low,2024-04-28 21:00:00+00:00
73,61,low,2024-04-28 21:30:00+00:00
59,61,low,2024-04-28 22:00:00+00:00
54,61,low,2024-04-28 22:30:00+00:00
57,58,low,2024-04-28 23:00:00+00:00
81,61,low,2024-04-28 23:30:00+00:00
59,67,low,2024-04-29 00:00:00+00:00
69,69,low,2024-04-29 00:30:00+00:00
63,66,low,2024-04-29 01:00:00+00:00
60,63,low,2024-04-29 01:30:00+00:00
68,65,low,2024-04-29 02:00:00+00:00
66,72,low,2024-04-29 02:30:00+00:00
65,79,low,2024-04-29 03:00:00+00:00
69,99,low,2024-04-29 03:30:00+00:00
81,106,low,2024-04-29 04:00:00+00:00
97,113,moderate,2024-04-29 04:30:00+00:00
102,116,moderate,2024-04-29 05:00:00+00:00
107,111,moderate,2024-04-29 05:30:00+00:00
103,102,low,2024-04-29 06:00:00+00:00
96,89,low,2024-04-29 06:30:00+00:00
89,80,low,2024-04-29 07:00:00+00:00
78,74,low,2024-04-29 07:30:00+00:00
69,63,low,2024-04-29 08:00:00+00:00
63,53,low,2024-04-29 08:30:00+00:00
56,49,low,2024-04-29 09:00:00+00:00
49,49,low,2024-04-29 09:30:00+00:00
46,48,low,2024-04-29 10:00:00+00:00
44,48,low,2024-04-29 10:30:00+00:00
43,41,low,2024-04-29 11:00:00+00:00
47,40,low,2024-04-29 11:30:00+00:00
42,39,low,2024-04-29 12:00:00+00:00
41,42,low,2024-04-29 12:30:00+00:00
35,41,low,2024-04-29 13:00:00+00:00
33,34,very low,2024-04-29 13:30:00+00:00
67,39,low,2024-04-29 14:00:00+00:00
36,50,low,2024-04-29 14:30:00+00:00
41,66,low,2024-04-29 15:00:00+00:00
52,87,low,2024-04-29 15:30:00+00:00
63,101,low,2024-04-29 16:00:00+00:00
65,108,low,2024-04-29 16:30:00+00:00
67,115,moderate,2024-04-29 17:00:00+00:00
111,118,moderate,2024-04-29 17:30:00+00:00
107,122,moderate,2024-04-29 18:00:00+00:00
121,122,moderate,2024-04-29 18:30:00+00:00
122,123,moderate,2024-04-29 19:00:00+00:00
117,114,moderate,2024-04-29 19:30:00+00:00
120,106,low,2024-04-29 20:00:00+00:00
111,101,low,2024-04-29 20:30:00+00:00
107,87,low,2024-04-29 21:00:00+00:00
105,63,low,2024-04-29 21:30:00+00:00
91,59,low,2024-04-29 22:00:00+00:00
91,58,low,2024-04-29 22:30:00+00:00
107,62,low,2024-04-29 23:00:00+00:00
62,65,low,2024-04-29 23:30:00+00:00
69,65,low,2024-04-30 00:00:00+00:00
71,61,low,2024-04-30 00:30:00+00:00
69,63,low,2024-04-30 01:00:00+00:00
68,60,low,2024-04-30 01:30:00+00:00
70,59,low,2024-04-30 02:00:00+00:00
63,58,low,2024-04-30 02:30:00+00:00
64,58,low,2024-04-30 03:00:00+00:00
65,60,low,2024-04-30 03:30:00+00:00
64,63,low,2024-04-30 04:00:00+00:00
67,60,low,2024-04-30 04:30:00+00:00
70,66,low,2024-04-30 05:00:00+00:00
72,66,low,2024-04-30 05:30:00+00:00
73,61,low,2024-04-30 06:00:00+00:00
71,60,low,2024-04-30 06:30:00+00:00
61,55,low,2024-04-30 07:00:00+00:00
60,54,low,2024-04-30 07:30:00+00:00
56,47,low,2024-04-30 08:00:00+00:00
55,45,low,2024-04-30 08:30:00+00:00
50,42,low,2024-04-30 09:00:00+00:00
47,46,low,2024-04-30 09:30:00+00:00
45,42,low,2024-04-30 10:00:00+00:00
47,38,low,2024-04-30 10:30:00+00:00
46,37,low,2024-04-30 11:00:00+00:00
38,38,low,2024-04-30 11:30:00+00:00
42,37,low,2024-04-30 12:00:00+00:00
40,39,low,2024-04-30 12:30:00+00:00
38,42,low,2024-04-30 13:00:00+00:00
42,51,low,2024-04-30 13:30:00+00:00
41,59,low,2024-04-30 14:00:00+00:00
41,57,low,2024-04-30 14:30:00+00:00
50,71,low,2024-04-30 15:00:00+00:00
49,86,low,2024-04-30 15:30:00+00:00
71,97,low,2024-04-30 16:00:00+00:00
83,108,low,2024-04-30 16:30:00+00:00
85,116,moderate,2024-04-30 17:00:00+00:00
109,119,moderate,2024-04-30 17:30:00+00:00
114,121,moderate,2024-04-30 18:00:00+00:00
111,126,moderate,2024-04-30 18:30:00+00:00
118,127,moderate,2024-04-30 19:00:00+00:00
117,125,moderate,2024-04-30 19:30:00+00:00
120,120,moderate,2024-04-30 20:00:00+00:00
122,115,moderate,2024-04-30 20:30:00+00:00
115,105,low,2024-04-30 21:00:00+00:00
116,98,low,2024-04-30 21:30:00+00:00
117,93,low,2024-04-30 22:00:00+00:00
102,105,low,2024-04-30 22:30:00+00:00
94,112,moderate,2024-04-30 23:00:00+00:00
126,115,moderate,2024-04-30 23:30:00+00:00
98,112,moderate,2024-05-01 00:00:00+00:00
115,105,low,2024-05-01 00:30:00+00:00
109,105,low,2024-05-01 01:00:00+00:00
108,103,low,2024-05-01 01:30:00+00:00
104,107,low,2024-05-01 02:00:00+00:00
104,115,moderate,2024-05-01 02:30:00+00:00
106,111,moderate,2024-05-01 03:00:00+00:00
114,121,moderate,2024-05-01 03:30:00+00:00
119,130,moderate,2024-05-01 04:00:00+00:00
116,145,moderate,2024-05-01 04:30:00+00:00
130,160,moderate,2024-05-01 05:00:00+00:00
145,184,moderate,2024-05-01 05:30:00+00:00
172,181,moderate,2024-05-01 06:00:00+00:00
195,180,moderate,2024-05-01 06:30:00+00:00
182,178,moderate,2024-05-01 07:00:00+00:00
179,169,moderate,2024-05-01 07:30:00+00:00
172,164,moderate,2024-05-01 08:00:00+00:00
161,161,moderate,2024-05-01 08:30:00+00:00
159,151,moderate,2024-05-01 09:00:00+00:00
155,144,moderate,2024-05-01 09:30:00+00:00
148,143,moderate,2024-05-01 10:00:00+00:00
142,141,moderate,2024-05-01 10:30:00+00:00
139,136,moderate,2024-05-01 11:00:00+00:00
141,132,moderate,2024-05-01 11:30:00+00:00
134,132,moderate,2024-05-01 12:00:00+00:00
132,133,moderate,2024-05-01 12:30:00+00:00
129,137,moderate,2024-05-01 13:00:00+00:00
126,139,moderate,2024-05-01 13:30:00+00:00
137,139,moderate,2024-05-01 14:00:00+00:00
145,141,moderate,2024-05-01 14:30:00+00:00
145,135,moderate,2024-05-01 15:00:00+00:00
146,134,moderate,2024-05-01 15:30:00+00:00
148,133,moderate,2024-05-01 16:00:00+00:00
145,135,moderate,2024-05-01 16:30:00+00:00
143,133,moderate,2024-05-01 17:00:00+00:00
136,130,moderate,2024-05-01 17:30:00+00:00
137,133,moderate,2024-05-01 18:00:00+00:00
131,133,moderate,2024-05-01 18:30:00+00:00
135,128,moderate,2024-05-01 19:00:00+00:00
138,125,moderate,2024-05-01 19:30:00+00:00
130,114,moderate,2024-05-01 20:00:00+00:00
121,102,low,2024-05-01 20:30:00+00:00
107,87,low,2024-05-01 21:00:00+00:00
121,68,low,2024-05-01 21:30:00+00:00
93,62,low,2024-05-01 22:00:00+00:00
99,59,low,2024-05-01 22:30:00+00:00
101,60,low,2024-05-01 23:00:00+00:00
66,60,low,2024-05-01 23:30:00+00:00
67,60,low,2024-05-02 00:00:00+00:00
65,59,low,2024-05-02 00:30:00+00:00
67,59,low,2024-05-02 01:00:00+00:00
67,62,low,2024-05-02 01:30:00+00:00
65,64,low,2024-05-02 02:00:00+00:00
67,64,low,2024-05-02 02:30:00+00:00
69,65,low,2024-05-02 03:00:00+00:00
69,71,low,2024-05-02 03:30:00+00:00
69,66,low,2024-05-02 04:00:00+00:00
76,64,low,2024-05-02 04:30:00+00:00
71,70,low,2024-05-02 05:00:00+00:00
69,79,low,2024-05-02 05:30:00+00:00
73,79,low,2024-05-02 06:00:00+00:00
92,78,low,2024-05-02 06:30:00+00:00
86,80,low,2024-05-02 07:00:00+00:00
81,78,low,2024-05-02 07:30:00+00:00
84,72,low,2024-05-02 08:00:00+00:00
82,70,low,2024-05-02 08:30:00+00:00
85,65,low,2024-05-02 09:00:00+00:00
81,60,low,2024-05-02 09:30:00+00:00
80,56,low,2024-05-02 10:00:00+00:00
73,51,low,2024-05-02 10:30:00+00:00
69,52,low,2024-05-02 11:00:00+00:00
68,53,low,2024-05-02 11:30:00+00:00
69,50,low,2024-05-02 12:00:00+00:00
67,50,low,2024-05-02 12:30:00+00:00
63,52,low,2024-05-02 13:00:00+00:00
61,52,low,2024-05-02 13:30:00+00:00
64,56,low,2024-05-02 14:00:00+00:00
64,60,low,2024-05-02 14:30:00+00:00
69,71,low,2024-05-02 15:00:00+00:00
63,81,low,2024-05-02 15:30:00+00:00
48,89,low,2024-05-02 16:00:00+00:00
78,95,low,2024-05-02 16:30:00+00:00
91,103,low,2024-05-02 17:00:00+00:00
99,110,moderate,2024-05-02 17:30:00+00:00
108,113,moderate,2024-05-02 18:00:00+00:00
110,113,moderate,2024-05-02 18:30:00+00:00
116,117,moderate,2024-05-02 19:00:00+00:00
114,112,moderate,2024-05-02 19:30:00+00:00
118,100,low,2024-05-02 20:00:00+00:00
116,91,low,2024-05-02 20:30:00+00:00
119,81,low,2024-05-02 21:00:00+00:00
91,72,low,2024-05-02 21:30:00+00:00
82,71,low,2024-05-02 22:00:00+00:00
74,68,low,2024-05-02 22:30:00+00:00
64,69,low,2024-05-02 23:00:00+00:00
64,70,low,2024-05-02 23:30:00+00:00
65,69,low,2024-05-03 00:00:00+00:00
70,72,low,2024-05-03 00:30:00+00:00
73,72,low,2024-05-03 01:00:00+00:00
73,70,low,2024-05-03 01:30:00+00:00
69,73,low,2024-05-03 02:00:00+00:00
74,75,low,2024-05-03 02:30:00+00:00
79,78,low,2024-05-03 03:00:00+00:00
79,80,low,2024-05-03 03:30:00+00:00
79,92,low,2024-05-03 04:00:00+00:00
81,114,moderate,2024-05-03 04:30:00+00:00
88,128,moderate,2024-05-03 05:00:00+00:00
107,137,moderate,2024-05-03 05:30:00+00:00
133,136,moderate,2024-05-03 06:00:00+00:00
144,131,moderate,2024-05-03 06:30:00+00:00
150,128,moderate,2024-05-03 07:00:00+00:00
124,120,moderate,2024-05-03 07:30:00+00:00
128,117,moderate,2024-05-03 08:00:00+00:00
116,122,moderate,2024-05-03 08:30:00+00:00
114,120,moderate,2024-05-03 09:00:00+00:00
116,116,moderate,2024-05-03 09:30:00+00:00
111,112,moderate,2024-05-03 10:00:00+00:00
105,112,moderate,2024-05-03 10:30:00+00:00
108,113,moderate,2024-05-03 11:00:00+00:00
104,113,moderate,2024-05-03 11:30:00+00:00
107,111,moderate,2024-05-03 12:00:00+00:00
108,109,low,2024-05-03 12:30:00+00:00
109,109,low,2024-05-03 13:00:00+00:00
107,110,moderate,2024-05-03 13:30:00+00:00
107,116,moderate,2024-05-03 14:00:00+00:00
109,124,moderate,2024-05-03 14:30:00+00:00
118,132,moderate,2024-05-03 15:00:00+00:00
126,138,moderate,2024-05-03 15:30:00+00:00
138,143,moderate,2024-05-03 16:00:00+00:00
133,142,moderate,2024-05-03 16:30:00+00:00
148,143,moderate,2024-05-03 17:00:00+00:00
147,142,moderate,2024-05-03 17:30:00+00:00
144,148,moderate,2024-05-03 18:00:00+00:00
126,152,moderate,2024-05-03 18:30:00+00:00
141,151,moderate,2024-05-03 19:00:00+00:00
151,148,moderate,2024-05-03 19:30:00+00:00
137,149,moderate,2024-05-03 20:00:00+00:00
140,146,moderate,2024-05-03 20:30:00+00:00
140,136,moderate,2024-05-03 21:00:00+00:00
144,118,moderate,2024-05-03 21:30:00+00:00
153,107,low,2024-05-03 22:00:00+00:00
127,108,low,2024-05-03 22:30:00+00:00
118,107,low,2024-05-03 23:00:00+00:00
119,106,low,2024-05-03 23:30:00+00:00
123,108,low,2024-05-04 00:00:00+00:00
109,109,low,2024-05-04 00:30:00+00:00
110,107,low,2024-05-04 01:00:00+00:00
114,111,moderate,2024-05-04 01:30:00+00:00
112,114,moderate,2024-05-04 02:00:00+00:00
116,112,moderate,2024-05-04 02:30:00+00:00
119,115,moderate,2024-05-04 03:00:00+00:00
121,114,moderate,2024-05-04 03:30:00+00:00
122,113,moderate,2024-05-04 04:00:00+00:00
118,112,moderate,2024-05-04 04:30:00+00:00
115,114,moderate,2024-05-04 05:00:00+00:00
117,120,moderate,2024-05-04 05:30:00+00:00
117,120,moderate,2024-05-04 06:00:00+00:00
118,129,moderate,2024-05-04 06:30:00+00:00
118,129,moderate,2024-05-04 07:00:00+00:00
117,124,moderate,2024-05-04 07:30:00+00:00
115,115,moderate,2024-05-04 08:00:00+00:00
111,113,moderate,2024-05-04 08:30:00+00:00
104,107,low,2024-05-04 09:00:00+00:00
101,107,low,2024-05-04 09:30:00+00:00
97,105,low,2024-05-04 10:00:00+00:00
100,98,low,2024-05-04 10:30:00+00:00
97,98,low,2024-05-04 11:00:00+00:00
90,99,low,2024-05-04 11:30:00+00:00
93,100,low,2024-05-04 12:00:00+00:00
97,94,low,2024-05-04 12:30:00+00:00
98,99,low,2024-05-04 13:00:00+00:00
101,110,moderate,2024-05-04 13:30:00+00:00
103,116,moderate,2024-05-04 14:00:00+00:00
108,121,moderate,2024-05-04 14:30:00+00:00
118,134,moderate,2024-05-04 15:00:00+00:00
126,148,moderate,2024-05-04 15:30:00+00:00
143,159,moderate,2024-05-04 16:00:00+00:00
159,161,moderate,2024-05-04 16:30:00+00:00
169,167,moderate,2024-05-04 17:00:00+00:00
177,175,moderate,2024-05-04 17:30:00+00:00
175,181,moderate,2024-05-04 18:00:00+00:00
190,185,moderate,2024-05-04 18:30:00+00:00
189,188,moderate,2024-05-04 19:00:00+00:00
187,190,high,2024-05-04 19:30:00+00:00
189,191,high,2024-05-04 20:00:00+00:00
188,189,moderate,2024-05-04 20:30:00+00:00
187,184,moderate,2024-05-04 21:00:00+00:00
198,164,moderate,2024-05-04 21:30:00+00:00
197,160,moderate,2024-05-04 22:00:00+00:00
170,157,moderate,2024-05-04 22:30:00+00:00
176,151,moderate,2024-05-04 23:00:00+00:00
185,156,moderate,2024-05-04 23:30:00+00:00
158,158,moderate,2024-05-05 00:00:00+00:00
160,161,moderate,2024-05-05 00:30:00+00:00
165,162,moderate,2024-05-05 01:00:00+00:00
168,161,moderate,2024-05-05 01:30:00+00:00
171,161,moderate,2024-05-05 02:00:00+00:00
162,159,moderate,2024-05-05 02:30:00+00:00
164,156,moderate,2024-05-05 03:00:00+00:00
168,157,moderate,2024-05-05 03:30:00+00:00
163,158,moderate,2024-05-05 04:00:00+00:00
166,167,moderate,2024-05-05 04:30:00+00:00
164,167,moderate,2024-05-05 05:00:00+00:00
177,169,moderate,2024-05-05 05:30:00+00:00
170,168,moderate,2024-05-05 06:00:00+00:00
173,163,moderate,2024-05-05 06:30:00+00:00
169,156,moderate,2024-05-05 07:00:00+00:00
164,147,moderate,2024-05-05 07:30:00+00:00
155,142,moderate,2024-05-05 08:00:00+00:00
145,137,moderate,2024-05-05 08:30:00+00:00
139,132,moderate,2024-05-05 09:00:00+00:00
138,131,moderate,2024-05-05 09:30:00+00:00
136,131,moderate,2024-05-05 10:00:00+00:00
130,128,moderate,2024-05-05 10:30:00+00:00
132,129,moderate,2024-05-05 11:00:00+00:00
131,132,moderate,2024-05-05 11:30:00+00:00
134,134,moderate,2024-05-05 12:00:00+00:00
134,138,moderate,2024-05-05 12:30:00+00:00
136,140,moderate,2024-05-05 13:00:00+00:00
137,148,moderate,2024-05-05 13:30:00+00:00
140,153,moderate,2024-05-05 14:00:00+00:00
146,167,moderate,2024-05-05 14:30:00+00:00
156,176,moderate,2024-05-05 15:00:00+00:00
176,184,moderate,2024-05-05 15:30:00+00:00
179,187,moderate,2024-05-05 16:00:00+00:00
193,190,high,2024-05-05 16:30:00+00:00
200,195,high,2024-05-05 17:00:00+00:00
200,193,high,2024-05-05 17:30:00+00:00
204,198,high,2024-05-05 18:00:00+00:00
199,202,high,2024-05-05 18:30:00+00:00
205,202,high,2024-05-05 19:00:00+00:00
206,202,high,2024-05-05 19:30:00+00:00
206,202,high,2024-05-05 20:00:00+00:00
196,192,high,2024-05-05 20:30:00+00:00
204,181,moderate,2024-05-05 21:00:00+00:00
198,162,moderate,2024-05-05 21:30:00+00:00
182,157,moderate,2024-05-05 22:00:00+00:00
173,155,moderate,2024-05-05 22:30:00+00:00
170,155,moderate,2024-05-05 23:00:00+00:00
172,159,moderate,2024-05-05 23:30:00+00:00
162,165,moderate,2024-05-06 00:00:00+00:00
165,167,moderate,2024-05-06 00:30:00+00:00
172,165,moderate,2024-05-06 01:00:00+00:00
176,163,moderate,2024-05-06 01:30:00+00:00
172,161,moderate,2024-05-06 02:00:00+00:00
173,168,moderate,2024-05-06 02:30:00+00:00
174,166,moderate,2024-05-06 03:00:00+00:00
182,177,moderate,2024-05-06 03:30:00+00:00
180,173,moderate,2024-05-06 04:00:00+00:00
181,169,moderate,2024-05-06 04:30:00+00:00
180,169,moderate,2024-05-06 05:00:00+00:00
173,163,moderate,2024-05-06 05:30:00+00:00
170,161,moderate,2024-05-06 06:00:00+00:00
167,163,moderate,2024-05-06 06:30:00+00:00
169,160,moderate,2024-05-06 07:00:00+00:00
159,153,moderate,2024-05-06 07:30:00+00:00
156,148,moderate,2024-05-06 08:00:00+00:00
155,145,moderate,2024-05-06 08:30:00+00:00
153,142,moderate,2024-05-06 09:00:00+00:00
138,138,moderate,2024-05-06 09:30:00+00:00
144,138,moderate,2024-05-06 10:00:00+00:00
138,131,moderate,2024-05-06 10:30:00+00:00
139,130,moderate,2024-05-06 11:00:00+00:00
132,132,moderate,2024-05-06 11:30:00+00:00
131,130,moderate,2024-05-06 12:00:00+00:00
131,132,moderate,2024-05-06 12:30:00+00:00
129,132,moderate,2024-05-06 13:00:00+00:00
131,132,moderate,2024-05-06 13:30:00+00:00
135,141,moderate,2024-05-06 14:00:00+00:00
137,155,moderate,2024-05-06 14:30:00+00:00
154,168,moderate,2024-05-06 15:00:00+00:00
159,172,moderate,2024-05-06 15:30:00+00:00
177,173,moderate,2024-05-06 16:00:00+00:00
181,182,moderate,2024-05-06 16:30:00+00:00
179,184,moderate,2024-05-06 17:00:00+00:00
180,189,moderate,2024-05-06 17:30:00+00:00
188,194,high,2024-05-06 18:00:00+00:00
191,191,high,2024-05-06 18:30:00+00:00
197,193,high,2024-05-06 19:00:00+00:00
197,191,high,2024-05-06 19:30:00+00:00
197,187,moderate,2024-05-06 20:00:00+00:00
184,183,moderate,2024-05-06 20:30:00+00:00
182,176,moderate,2024-05-06 21:00:00+00:00
170,166,moderate,2024-05-06 21:30:00+00:00
157,160,moderate,2024-05-06 22:00:00+00:00
176,153,moderate,2024-05-06 22:30:00+00:00
165,156,moderate,2024-05-06 23:00:00+00:00
170,155,moderate,2024-05-06 23:30:00+00:00
159,156,moderate,2024-05-07 00:00:00+00:00
159,158,moderate,2024-05-07 00:30:00+00:00
158,157,moderate,2024-05-07 01:00:00+00:00
161,161,moderate,2024-05-07 01:30:00+00:00
164,160,moderate,2024-05-07 02:00:00+00:00
169,164,moderate,2024-05-07 02:30:00+00:00
171,167,moderate,2024-05-07 03:00:00+00:00
167,175,moderate,2024-05-07 03:30:00+00:00
171,184,moderate,2024-05-07 04:00:00+00:00
182,195,high,2024-05-07 04:30:00+00:00
207,193,high,2024-05-07 05:00:00+00:00
208,189,moderate,2024-05-07 05:30:00+00:00
201,181,moderate,2024-05-07 06:00:00+00:00
183,176,moderate,2024-05-07 06:30:00+00:00
177,168,moderate,2024-05-07 07:00:00+00:00
178,160,moderate,2024-05-07 07:30:00+00:00
172,155,moderate,2024-05-07 08:00:00+00:00
157,147,moderate,2024-05-07 08:30:00+00:00
156,142,moderate,2024-05-07 09:00:00+00:00
150,140,moderate,2024-05-07 09:30:00+00:00
136,138,moderate,2024-05-07 10:00:00+00:00
152,136,moderate,2024-05-07 10:30:00+00:00
150,135,moderate,2024-05-07 11:00:00+00:00
133,129,moderate,2024-05-07 11:30:00+00:00
128,130,moderate,2024-05-07 12:00:00+00:00
125,132,moderate,2024-05-07 12:30:00+00:00
132,129,moderate,2024-05-07 13:00:00+00:00
132,137,moderate,2024-05-07 13:30:00+00:00
140,145,moderate,2024-05-07 14:00:00+00:00
150,155,moderate,2024-05-07 14:30:00+00:00
165,167,moderate,2024-05-07 15:00:00+00:00
166,178,moderate,2024-05-07 15:30:00+00:00
172,186,moderate,2024-05-07 16:00:00+00:00
170,188,moderate,2024-05-07 16:30:00+00:00
173,194,high,2024-05-07 17:00:00+00:00
197,197,high,2024-05-07 17:30:00+00:00
202,200,high,2024-05-07 18:00:00+00:00
205,205,high,2024-05-07 18:30:00+00:00
204,212,high,2024-05-07 19:00:00+00:00
207,206,high,2024-05-07 19:30:00+00:00
217,204,high,2024-05-07 20:00:00+00:00
208,196,high,2024-05-07 20:30:00+00:00
205,187,moderate,2024-05-07 21:00:00+00:00
199,171,moderate,2024-05-07 21:30:00+00:00
189,164,moderate,2024-05-07 22:00:00+00:00
172,161,moderate,2024-05-07 22:30:00+00:00
169,160,moderate,2024-05-07 23:00:00+00:00
166,161,moderate,2024-05-07 23:30:00+00:00
165,159,moderate,2024-05-08 00:00:00+00:00
160,160,moderate,2024-05-08 00:30:00+00:00
163,158,moderate,2024-05-08 01:00:00+00:00
166,161,moderate,2024-05-08 01:30:00+00:00
161,161,moderate,2024-05-08 02:00:00+00:00
167,165,moderate,2024-05-08 02:30:00+00:00
166,172,moderate,2024-05-08 03:00:00+00:00
172,182,moderate,2024-05-08 03:30:00+00:00
174,189,moderate,2024-05-08 04:00:00+00:00
193,198,high,2024-05-08 04:30:00+00:00
201,202,high,2024-05-08 05:00:00+00:00
215,201,high,2024-05-08 05:30:00+00:00
207,200,high,2024-05-08 06:00:00+00:00
202,191,high,2024-05-08 06:30:00+00:00
201,182,moderate,2024-05-08 07:00:00+00:00
189,175,moderate,2024-05-08 07:30:00+00:00
179,162,moderate,2024-05-08 08:00:00+00:00
170,143,moderate,2024-05-08 08:30:00+00:00
155,125,moderate,2024-05-08 09:00:00+00:00
136,106,low,2024-05-08 09:30:00+00:00
125,98,low,2024-05-08 10:00:00+00:00
104,94,low,2024-05-08 10:30:00+00:00
97,92,low,2024-05-08 11:00:00+00:00
94,93,low,2024-05-08 11:30:00+00:00
93,90,low,2024-05-08 12:00:00+00:00
95,88,low,2024-05-08 12:30:00+00:00
91,92,low,2024-05-08 13:00:00+00:00
87,91,low,2024-05-08 13:30:00+00:00
96,98,low,2024-05-08 14:00:00+00:00
96,118,moderate,2024-05-08 14:30:00+00:00
105,131,moderate,2024-05-08 15:00:00+00:00
126,152,moderate,2024-05-08 15:30:00+00:00
138,162,moderate,2024-05-08 16:00:00+00:00
164,167,moderate,2024-05-08 16:30:00+00:00
174,172,moderate,2024-05-08 17:00:00+00:00
178,178,moderate,2024-05-08 17:30:00+00:00
179,182,moderate,2024-05-08 18:00:00+00:00
178,183,moderate,2024-05-08 18:30:00+00:00
180,183,moderate,2024-05-08 19:00:00+00:00
184,181,moderate,2024-05-08 19:30:00+00:00
178,175,moderate,2024-05-08 20:00:00+00:00
176,157,moderate,2024-05-08 20:30:00+00:00
171,143,moderate,2024-05-08 21:00:00+00:00
174,134,moderate,2024-05-08 21:30:00+00:00
144,126,moderate,2024-05-08 22:00:00+00:00
169,116,moderate,2024-05-08 22:30:00+00:00
131,112,moderate,2024-05-08 23:00:00+00:00
120,116,moderate,2024-05-08 23:30:00+00:00
130,112,moderate,2024-05-09 00:00:00+00:00
118,110,moderate,2024-05-09 00:30:00+00:00
114,109,low,2024-05-09 01:00:00+00:00
116,111,moderate,2024-05-09 01:30:00+00:00
117,112,moderate,2024-05-09 02:00:00+00:00
119,108,low,2024-05-09 02:30:00+00:00
121,112,moderate,2024-05-09 03:00:00+00:00
117,113,moderate,2024-05-09 03:30:00+00:00
120,115,moderate,2024-05-09 04:00:00+00:00
120,121,moderate,2024-05-09 04:30:00+00:00
123,132,moderate,2024-05-09 05:00:00+00:00
134,150,moderate,2024-05-09 05:30:00+00:00
137,150,moderate,2024-05-09 06:00:00+00:00
154,147,moderate,2024-05-09 06:30:00+00:00
148,140,moderate,2024-05-09 07:00:00+00:00
144,137,moderate,2024-05-09 07:30:00+00:00
137,122,moderate,2024-05-09 08:00:00+00:00
132,113,moderate,2024-05-09 08:30:00+00:00
123,106,low,2024-05-09 09:00:00+00:00
113,103,low,2024-05-09 09:30:00+00:00
109,101,low,2024-05-09 10:00:00+00:00
105,98,low,2024-05-09 10:30:00+00:00
104,97,low,2024-05-09 11:00:00+00:00
100,95,low,2024-05-09 11:30:00+00:00
101,96,low,2024-05-09 12:00:00+00:00
99,95,low,2024-05-09 12:30:00+00:00
103,98,low,2024-05-09 13:00:00+00:00
100,106,low,2024-05-09 13:30:00+00:00
104,115,moderate,2024-05-09 14:00:00+00:00
115,125,moderate,2024-05-09 14:30:00+00:00
126,143,moderate,2024-05-09 15:00:00+00:00
138,158,moderate,2024-05-09 15:30:00+00:00
140,173,moderate,2024-05-09 16:00:00+00:00
166,177,moderate,2024-05-09 16:30:00+00:00
180,186,moderate,2024-05-09 17:00:00+00:00
188,198,high,2024-05-09 17:30:00+00:00
190,200,high,2024-05-09 18:00:00+00:00
198,202,high,2024-05-09 18:30:00+00:00
207,206,high,2024-05-09 19:00:00+00:00
207,208,high,2024-05-09 19:30:00+00:00
211,207,high,2024-05-09 20:00:00+00:00
212,209,high,2024-05-09 20:30:00+00:00
210,202,high,2024-05-09 21:00:00+00:00
210,193,high,2024-05-09 21:30:00+00:00
196,187,moderate,2024-05-09 22:00:00+00:00
193,180,moderate,2024-05-09 22:30:00+00:00
195,174,moderate,2024-05-09 23:00:00+00:00
178,174,moderate,2024-05-09 23:30:00+00:00
180,173,moderate,2024-05-10 00:00:00+00:00
175,170,moderate,2024-05-10 00:30:00+00:00
178,169,moderate,2024-05-10 01:00:00+00:00
176,172,moderate,2024-05-10 01:30:00+00:00
174,174,moderate,2024-05-10 02:00:00+00:00
178,173,moderate,2024-05-10 02:30:00+00:00
178,174,moderate,2024-05-10 03:00:00+00:00
175,178,moderate,2024-05-10 03:30:00+00:00
179,180,moderate,2024-05-10 04:00:00+00:00
185,182,moderate,2024-05-10 04:30:00+00:00
191,186,moderate,2024-05-10 05:00:00+00:00
196,186,moderate,2024-05-10 05:30:00+00:00
202,183,moderate,2024-05-10 06:00:00+00:00
196,180,moderate,2024-05-10 06:30:00+00:00
187,172,moderate,2024-05-10 07:00:00+00:00
180,166,moderate,2024-05-10 07:30:00+00:00
176,155,moderate,2024-05-10 08:00:00+00:00
169,145,moderate,2024-05-10 08:30:00+00:00
157,138,moderate,2024-05-10 09:00:00+00:00
147,129,moderate,2024-05-10 09:30:00+00:00
139,123,moderate,2024-05-10 10:00:00+00:00
133,116,moderate,2024-05-10 10:30:00+00:00
130,110,moderate,2024-05-10 11:00:00+00:00
121,103,low,2024-05-10 11:30:00+00:00
111,100,low,2024-05-10 12:00:00+00:00
103,100,low,2024-05-10 12:30:00+00:00
105,99,low,2024-05-10 13:00:00+00:00
105,100,low,2024-05-10 13:30:00+00:00
105,105,low,2024-05-10 14:00:00+00:00
107,112,moderate,2024-05-10 14:30:00+00:00
114,122,moderate,2024-05-10 15:00:00+00:00
125,136,moderate,2024-05-10 15:30:00+00:00
132,144,moderate,2024-05-10 16:00:00+00:00
146,155,moderate,2024-05-10 16:30:00+00:00
150,159,moderate,2024-05-10 17:00:00+00:00
167,167,moderate,2024-05-10 17:30:00+00:00
173,175,moderate,2024-05-10 18:00:00+00:00
173,179,moderate,2024-05-10 18:30:00+00:00
176,183,moderate,2024-05-10 19:00:00+00:00
179,185,moderate,2024-05-10 19:30:00+00:00
181,189,moderate,2024-05-10 20:00:00+00:00
180,189,moderate,2024-05-10 20:30:00+00:00
166,182,moderate,2024-05-10 21:00:00+00:00
159,163,moderate,2024-05-10 21:30:00+00:00
146,150,moderate,2024-05-10 22:00:00+00:00
191,149,moderate,2024-05-10 22:30:00+00:00
203,145,moderate,2024-05-10 23:00:00+00:00
161,147,moderate,2024-05-10 23:30:00+00:00
145,146,moderate,2024-05-11 00:00:00+00:00
143,134,moderate,2024-05-11 00:30:00+00:00
139,130,moderate,2024-05-11 01:00:00+00:00
139,120,moderate,2024-05-11 01:30:00+00:00
141,118,moderate,2024-05-11 02:00:00+00:00
134,117,moderate,2024-05-11 02:30:00+00:00
136,115,moderate,2024-05-11 03:00:00+00:00
136,116,moderate,2024-05-11 03:30:00+00:00
134,117,moderate,2024-05-11 04:00:00+00:00
133,119,moderate,2024-05-11 04:30:00+00:00
131,121,moderate,2024-05-11 05:00:00+00:00
124,132,moderate,2024-05-11 05:30:00+00:00
118,128,moderate,2024-05-11 06:00:00+00:00
111,128,moderate,2024-05-11 06:30:00+00:00
105,122,moderate,2024-05-11 07:00:00+00:00
101,116,moderate,2024-05-11 07:30:00+00:00
95,109,low,2024-05-11 08:00:00+00:00
89,94,low,2024-05-11 08:30:00+00:00
87,88,low,2024-05-11 09:00:00+00:00
84,75,low,2024-05-11 09:30:00+00:00
79,68,low,2024-05-11 10:00:00+00:00
74,60,low,2024-05-11 10:30:00+00:00
74,54,low,2024-05-11 11:00:00+00:00
77,51,low,2024-05-11 11:30:00+00:00
78,50,low,2024-05-11 12:00:00+00:00
75,52,low,2024-05-11 12:30:00+00:00
75,52,low,2024-05-11 13:00:00+00:00
78,48,low,2024-05-11 13:30:00+00:00
81,48,low,2024-05-11 14:00:00+00:00
85,47,low,2024-05-11 14:30:00+00:00
87,57,low,2024-05-11 15:00:00+00:00
90,62,low,2024-05-11 15:30:00+00:00
92,77,low,2024-05-11 16:00:00+00:00
94,88,low,2024-05-11 16:30:00+00:00
96,99,low,2024-05-11 17:00:00+00:00
99,108,low,2024-05-11 17:30:00+00:00
104,111,moderate,2024-05-11 18:00:00+00:00
107,105,low,2024-05-11 18:30:00+00:00
111,104,low,2024-05-11 19:00:00+00:00
110,103,low,2024-05-11 19:30:00+00:00
110,98,low,2024-05-11 20:00:00+00:00
111,87,low,2024-05-11 20:30:00+00:00
109,76,low,2024-05-11 21:00:00+00:00
90,80,low,2024-05-11 21:30:00+00:00
88,79,low,2024-05-11 22:00:00+00:00
82,78,low,2024-05-11 22:30:00+00:00
80,77,low,2024-05-11 23:00:00+00:00
80,79,low,2024-05-11 23:30:00+00:00
77,78,low,2024-05-12 00:00:00+00:00
76,77,low,2024-05-12 00:30:00+00:00
78,74,low,2024-05-12 01:00:00+00:00
80,71,low,2024-05-12 01:30:00+00:00
81,68,low,2024-05-12 02:00:00+00:00
73,65,low,2024-05-12 02:30:00+00:00
74,66,low,2024-05-12 03:00:00+00:00
70,75,low,2024-05-12 03:30:00+00:00
67,75,low,2024-05-12 04:00:00+00:00
77,79,low,2024-05-12 04:30:00+00:00
77,78,low,2024-05-12 05:00:00+00:00
83,79,low,2024-05-12 05:30:00+00:00
79,80,low,2024-05-12 06:00:00+00:00
79,79,low,2024-05-12 06:30:00+00:00
82,78,low,2024-05-12 07:00:00+00:00
77,68,low,2024-05-12 07:30:00+00:00
76,60,low,2024-05-12 08:00:00+00:00
68,56,low,2024-05-12 08:30:00+00:00
56,51,low,2024-05-12 09:00:00+00:00
54,42,low,2024-05-12 09:30:00+00:00
45,41,low,2024-05-12 10:00:00+00:00
40,40,low,2024-05-12 10:30:00+00:00
40,44,low,2024-05-12 11:00:00+00:00
39,38,low,2024-05-12 11:30:00+00:00
44,35,low,2024-05-12 12:00:00+00:00
39,37,low,2024-05-12 12:30:00+00:00
37,40,low,2024-05-12 13:00:00+00:00
39,49,low,2024-05-12 13:30:00+00:00
41,54,low,2024-05-12 14:00:00+00:00
48,57,low,2024-05-12 14:30:00+00:00
54,68,low,2024-05-12 15:00:00+00:00
54,79,low,2024-05-12 15:30:00+00:00
71,84,low,2024-05-12 16:00:00+00:00
82,94,low,2024-05-12 16:30:00+00:00
92,108,low,2024-05-12 17:00:00+00:00
106,117,moderate,2024-05-12 17:30:00+00:00
114,121,moderate,2024-05-12 18:00:00+00:00
117,126,moderate,2024-05-12 18:30:00+00:00
120,127,moderate,2024-05-12 19:00:00+00:00
126,125,moderate,2024-05-12 19:30:00+00:00
127,120,moderate,2024-05-12 20:00:00+00:00
126,116,moderate,2024-05-12 20:30:00+00:00
135,115,moderate,2024-05-12 21:00:00+00:00
120,102,low,2024-05-12 21:30:00+00:00
111,86,low,2024-05-12 22:00:00+00:00
95,87,low,2024-05-12 22:30:00+00:00
89,92,low,2024-05-12 23:00:00+00:00
111,90,low,2024-05-12 23:30:00+00:00
95,86,low,2024-05-13 00:00:00+00:00
93,85,low,2024-05-13 00:30:00+00:00
88,86,low,2024-05-13 01:00:00+00:00
86,95,low,2024-05-13 01:30:00+00:00
85,101,low,2024-05-13 02:00:00+00:00
94,101,low,2024-05-13 02:30:00+00:00
99,108,low,2024-05-13 03:00:00+00:00
103,98,low,2024-05-13 03:30:00+00:00
113,105,low,2024-05-13 04:00:00+00:00
104,116,moderate,2024-05-13 04:30:00+00:00
99,128,moderate,2024-05-13 05:00:00+00:00
114,135,moderate,2024-05-13 05:30:00+00:00
122,143,moderate,2024-05-13 06:00:00+00:00
129,150,moderate,2024-05-13 06:30:00+00:00
129,147,moderate,2024-05-13 07:00:00+00:00
135,143,moderate,2024-05-13 07:30:00+00:00
134,138,moderate,2024-05-13 08:00:00+00:00
124,136,moderate,2024-05-13 08:30:00+00:00
122,126,moderate,2024-05-13 09:00:00+00:00
117,123,moderate,2024-05-13 09:30:00+00:00
155,118,moderate,2024-05-13 10:00:00+00:00
113,114,moderate,2024-05-13 10:30:00+00:00
109,110,moderate,2024-05-13 11:00:00+00:00
109,106,low,2024-05-13 11:30:00+00:00
105,102,low,2024-05-13 12:00:00+00:00
103,98,low,2024-05-13 12:30:00+00:00
98,97,low,2024-05-13 13:00:00+00:00
93,94,low,2024-05-13 13:30:00+00:00
99,94,low,2024-05-13 14:00:00+00:00
95,99,low,2024-05-13 14:30:00+00:00
98,106,low,2024-05-13 15:00:00+00:00
99,108,low,2024-05-13 15:30:00+00:00
109,113,moderate,2024-05-13 16:00:00+00:00
109,116,moderate,2024-05-13 16:30:00+00:00
115,120,moderate,2024-05-13 17:00:00+00:00
107,123,moderate,2024-05-13 17:30:00+00:00
110,125,moderate,2024-05-13 18:00:00+00:00
116,118,moderate,2024-05-13 18:30:00+00:00
116,119,moderate,2024-05-13 19:00:00+00:00
116,121,moderate,2024-05-13 19:30:00+00:00
111,117,moderate,2024-05-13 20:00:00+00:00
118,102,low,2024-05-13 20:30:00+00:00
117,94,low,2024-05-13 21:00:00+00:00
117,94,low,2024-05-13 21:30:00+00:00
92,83,low,2024-05-13 22:00:00+00:00
92,80,low,2024-05-13 22:30:00+00:00
97,82,low,2024-05-13 23:00:00+00:00
87,74,low,2024-05-13 23:30:00+00:00
83,74,low,2024-05-14 00:00:00+00:00
74,68,low,2024-05-14 00:30:00+00:00
74,67,low,2024-05-14 01:00:00+00:00
70,73,low,2024-05-14 01:30:00+00:00
67,73,low,2024-05-14 02:00:00+00:00
71,63,low,2024-05-14 02:30:00+00:00
70,62,low,2024-05-14 03:00:00+00:00
71,62,low,2024-05-14 03:30:00+00:00
71,69,low,2024-05-14 04:00:00+00:00
74,91,low,2024-05-14 04:30:00+00:00
71,100,low,2024-05-14 05:00:00+00:00
72,114,moderate,2024-05-14 05:30:00+00:00
71,123,moderate,2024-05-14 06:00:00+00:00
112,130,moderate,2024-05-14 06:30:00+00:00
122,133,moderate,2024-05-14 07:00:00+00:00
121,139,moderate,2024-05-14 07:30:00+00:00
117,140,moderate,2024-05-14 08:00:00+00:00
131,138,moderate,2024-05-14 08:30:00+00:00
125,137,moderate,2024-05-14 09:00:00+00:00
122,136,moderate,2024-05-14 09:30:00+00:00
118,134,moderate,2024-05-14 10:00:00+00:00
113,133,moderate,2024-05-14 10:30:00+00:00
123,130,moderate,2024-05-14 11:00:00+00:00
122,128,moderate,2024-05-14 11:30:00+00:00
122,125,moderate,2024-05-14 12:00:00+00:00
122,124,moderate,2024-05-14 12:30:00+00:00
123,127,moderate,2024-05-14 13:00:00+00:00
118,133,moderate,2024-05-14 13:30:00+00:00
122,140,moderate,2024-05-14 14:00:00+00:00
125,148,moderate,2024-05-14 14:30:00+00:00
142,156,moderate,2024-05-14 15:00:00+00:00
165,165,moderate,2024-05-14 15:30:00+00:00
153,170,moderate,2024-05-14 16:00:00+00:00
178,178,moderate,2024-05-14 16:30:00+00:00
177,181,moderate,2024-05-14 17:00:00+00:00
181,191,high,2024-05-14 17:30:00+00:00
177,191,high,2024-05-14 18:00:00+00:00
191,185,moderate,2024-05-14 18:30:00+00:00
177,184,moderate,2024-05-14 19:00:00+00:00
180,184,moderate,2024-05-14 19:30:00+00:00
173,178,moderate,2024-05-14 20:00:00+00:00
162,161,moderate,2024-05-14 20:30:00+00:00
158,150,moderate,2024-05-14 21:00:00+00:00
156,129,moderate,2024-05-14 21:30:00+00:00
145,115,moderate,2024-05-14 22:00:00+00:00
164,115,moderate,2024-05-14 22:30:00+00:00
141,118,moderate,2024-05-14 23:00:00+00:00
123,124,moderate,2024-05-14 23:30:00+00:00
125,125,moderate,2024-05-15 00:00:00+00:00
129,121,moderate,2024-05-15 00:30:00+00:00
127,122,moderate,2024-05-15 01:00:00+00:00
122,124,moderate,2024-05-15 01:30:00+00:00
122,125,moderate,2024-05-15 02:00:00+00:00
126,128,moderate,2024-05-15 02:30:00+00:00
130,132,moderate,2024-05-15 03:00:00+00:00
127,149,moderate,2024-05-15 03:30:00+00:00
95,158,moderate,2024-05-15 04:00:00+00:00
153,174,moderate,2024-05-15 04:30:00+00:00
167,184,moderate,2024-05-15 05:00:00+00:00
190,193,high,2024-05-15 05:30:00+00:00
192,191,high,2024-05-15 06:00:00+00:00
202,195,high,2024-05-15 06:30:00+00:00
187,191,high,2024-05-15 07:00:00+00:00
187,186,moderate,2024-05-15 07:30:00+00:00
184,182,moderate,2024-05-15 08:00:00+00:00
183,166,moderate,2024-05-15 08:30:00+00:00
179,174,moderate,2024-05-15 09:00:00+00:00
160,167,moderate,2024-05-15 09:30:00+00:00
174,163,moderate,2024-05-15 10:00:00+00:00
155,160,moderate,2024-05-15 10:30:00+00:00
162,155,moderate,2024-05-15 11:00:00+00:00
159,155,moderate,2024-05-15 11:30:00+00:00
148,151,moderate,2024-05-15 12:00:00+00:00
140,149,moderate,2024-05-15 12:30:00+00:00
149,155,moderate,2024-05-15 13:00:00+00:00
144,158,moderate,2024-05-15 13:30:00+00:00
149,158,moderate,2024-05-15 14:00:00+00:00
163,158,moderate,2024-05-15 14:30:00+00:00
164,164,moderate,2024-05-15 15:00:00+00:00
175,172,moderate,2024-05-15 15:30:00+00:00
175,174,moderate,2024-05-15 16:00:00+00:00
180,175,moderate,2024-05-15 16:30:00+00:00
185,182,moderate,2024-05-15 17:00:00+00:00
182,190,high,2024-05-15 17:30:00+00:00
189,192,high,2024-05-15 18:00:00+00:00
184,190,high,2024-05-15 18:30:00+00:00
189,195,high,2024-05-15 19:00:00+00:00
189,194,high,2024-05-15 19:30:00+00:00
187,194,high,2024-05-15 20:00:00+00:00
189,186,moderate,2024-05-15 20:30:00+00:00
174,187,moderate,2024-05-15 21:00:00+00:00
172,184,moderate,2024-05-15 21:30:00+00:00
159,185,moderate,2024-05-15 22:00:00+00:00
154,175,moderate,2024-05-15 22:30:00+00:00
